1453122801699,310,HTTP リクエスト,200,OK,スレッドグループ 1-1,text,true,77560,2,2,308
1453122802000,323,HTTP リクエスト,200,OK,スレッドグループ 1-2,text,true,77560,3,3,312
1453122802020,304,HTTP リクエスト,200,OK,スレッドグループ 1-1,text,true,4418,3,3,304
1453122802299,347,HTTP リクエスト,200,OK,スレッドグループ 1-3,text,true,77560,4,4,345
1453122802335,312,HTTP リクエスト,200,OK,スレッドグループ 1-1,text,true,219,4,4,312
1453122802331,316,HTTP リクエスト,200,OK,スレッドグループ 1-2,text,true,4418,4,4,316
1453122802598,852,HTTP リクエスト,200,OK,スレッドグループ 1-4,text,true,77560,6,6,850
1453122802657,794,HTTP リクエスト,200,OK,スレッドグループ 1-2,text,true,219,6,6,794
1453122802652,799,HTTP リクエスト,200,OK,スレッドグループ 1-3,text,true,4418,6,6,799
1453122802657,797,HTTP リクエスト,200,OK,スレッドグループ 1-1,text,true,77560,6,6,794
1453122802907,1130,HTTP リクエスト,200,OK,スレッドグループ 1-5,text,true,77560,8,8,1129
1453122803472,839,HTTP リクエスト,200,OK,スレッドグループ 1-1,text,true,4418,9,9,839
1453122803458,855,HTTP リクエスト,200,OK,スレッドグループ 1-4,text,true,4418,9,9,855
1453122803465,848,HTTP リクエスト,200,OK,スレッドグループ 1-3,text,true,219,9,9,848
1453122803465,850,HTTP リクエスト,200,OK,スレッドグループ 1-2,text,true,77560,9,9,847
1453122803200,1167,HTTP リクエスト,200,OK,スレッドグループ 1-6,text,true,77560,9,9,1165
1453122804042,863,HTTP リクエスト,200,OK,スレッドグループ 1-5,text,true,4418,11,11,862
1453122803507,1439,HTTP リクエスト,200,OK,スレッドグループ 1-7,text,true,77560,11,11,1438
1453122804317,1140,HTTP リクエスト,200,OK,スレッドグループ 1-1,text,true,219,13,13,1140
1453122804335,1123,HTTP リクエスト,200,OK,スレッドグループ 1-2,text,true,4418,13,13,1123
1453122804327,1134,HTTP リクエスト,200,OK,スレッドグループ 1-4,text,true,219,13,13,1134
1453122804327,1134,HTTP リクエスト,200,OK,スレッドグループ 1-3,text,true,77560,13,13,1131
1453122804374,1102,HTTP リクエスト,200,OK,スレッドグループ 1-6,text,true,4418,13,13,1102
1453122803798,1731,HTTP リクエスト,200,OK,スレッドグループ 1-8,text,true,77560,13,13,1729
1453122804103,1428,HTTP リクエスト,200,OK,スレッドグループ 1-9,text,true,77560,13,13,1426
1453122804913,1462,HTTP リクエスト,200,OK,スレッドグループ 1-5,text,true,219,16,16,1462
1453122804959,1428,HTTP リクエスト,200,OK,スレッドグループ 1-7,text,true,4418,16,16,1428
1453122804404,2062,HTTP リクエスト,200,OK,スレッドグループ 1-10,text,true,77560,16,16,2061
1453122805465,1804,HTTP リクエスト,200,OK,スレッドグループ 1-1,text,true,77560,19,19,1803
1453122805473,1797,HTTP リクエスト,200,OK,スレッドグループ 1-2,text,true,219,19,19,1796
1453122805484,1786,HTTP リクエスト,200,OK,スレッドグループ 1-3,text,true,4418,19,19,1786
1453122805484,1790,HTTP リクエスト,200,OK,スレッドグループ 1-4,text,true,77560,19,19,1786
1453122805493,2055,HTTP リクエスト,200,OK,スレッドグループ 1-6,text,true,219,20,20,2055
1453122805536,2018,HTTP リクエスト,200,OK,スレッドグループ 1-8,text,true,4418,20,20,2018
1453122805546,2009,HTTP リクエスト,200,OK,スレッドグループ 1-9,text,true,4418,20,20,2009
1453122804698,2902,HTTP リクエスト,200,OK,スレッドグループ 1-11,text,true,77560,20,20,2901
1453122805000,2603,HTTP リクエスト,200,OK,スレッドグループ 1-12,text,true,77560,20,20,2601
1453122805304,2302,HTTP リクエスト,200,OK,スレッドグループ 1-13,text,true,77560,20,20,2300
1453122806382,1876,HTTP リクエスト,200,OK,スレッドグループ 1-5,text,true,77560,22,22,1873
1453122806399,2163,HTTP リクエスト,200,OK,スレッドグループ 1-7,text,true,219,23,23,2163
1453122806487,2098,HTTP リクエスト,200,OK,スレッドグループ 1-10,text,true,4418,23,23,2098
1453122805601,3125,HTTP リクエスト,200,OK,スレッドグループ 1-14,text,true,77560,24,24,3120
1453122807279,2824,HTTP リクエスト,200,OK,スレッドグループ 1-1,text,true,4418,29,29,2824
1453122807290,2814,HTTP リクエスト,200,OK,スレッドグループ 1-3,text,true,219,29,29,2814
1453122807301,2803,HTTP リクエスト,200,OK,スレッドグループ 1-4,text,true,4418,29,29,2803
1453122807279,2827,HTTP リクエスト,200,OK,スレッドグループ 1-2,text,true,77560,29,29,2825
1453122807558,2594,HTTP リクエスト,200,OK,スレッドグループ 1-6,text,true,77560,29,29,2593
1453122807569,2843,HTTP リクエスト,200,OK,スレッドグループ 1-8,text,true,219,30,30,2843
1453122807570,2843,HTTP リクエスト,200,OK,スレッドグループ 1-9,text,true,219,30,30,2843
1453122807610,2810,HTTP リクエスト,200,OK,スレッドグループ 1-11,text,true,4418,30,30,2810
1453122807628,2792,HTTP リクエスト,200,OK,スレッドグループ 1-13,text,true,4418,30,30,2792
1453122807628,2793,HTTP リクエスト,200,OK,スレッドグループ 1-12,text,true,4418,30,30,2793
1453122805899,4577,HTTP リクエスト,200,OK,スレッドグループ 1-15,text,true,77560,30,30,4576
1453122806213,4265,HTTP リクエスト,200,OK,スレッドグループ 1-16,text,true,77560,30,30,4264
1453122806500,3980,HTTP リクエスト,200,OK,スレッドグループ 1-17,text,true,77560,30,30,3978
1453122806805,3678,HTTP リクエスト,200,OK,スレッドグループ 1-18,text,true,77560,30,30,3676
1453122807104,3379,HTTP リクエスト,200,OK,スレッドグループ 1-19,text,true,77560,30,30,3377
1453122808275,3039,HTTP リクエスト,200,OK,スレッドグループ 1-5,text,true,4418,33,33,3039
1453122808572,2791,HTTP リクエスト,200,OK,スレッドグループ 1-7,text,true,77560,33,33,2789
1453122808596,3404,HTTP リクエスト,200,OK,スレッドグループ 1-10,text,true,219,35,35,3404
1453122808744,3288,HTTP リクエスト,200,OK,スレッドグループ 1-14,text,true,4418,35,35,3288
1453122807403,4802,HTTP リクエスト,200,OK,スレッドグループ 1-20,text,true,77560,36,36,4798
1453122807701,4510,HTTP リクエスト,200,OK,スレッドグループ 1-21,text,true,77560,36,36,4506
1453122810113,3954,HTTP リクエスト,200,OK,スレッドグループ 1-1,text,true,219,42,42,3954
1453122810126,3941,HTTP リクエスト,200,OK,スレッドグループ 1-2,text,true,4418,42,42,3941
1453122810126,3942,HTTP リクエスト,200,OK,スレッドグループ 1-4,text,true,219,42,42,3942
1453122810125,3944,HTTP リクエスト,200,OK,スレッドグループ 1-3,text,true,77560,42,42,3943
1453122810162,3917,HTTP リクエスト,200,OK,スレッドグループ 1-6,text,true,4418,42,42,3917
1453122810422,3728,HTTP リクエスト,200,OK,スレッドグループ 1-8,text,true,77560,41,41,3727
1453122810433,3720,HTTP リクエスト,200,OK,スレッドグループ 1-9,text,true,77560,41,41,3718
1453122810442,3997,HTTP リクエスト,200,OK,スレッドグループ 1-11,text,true,219,42,42,3997
1453122810443,3996,HTTP リクエスト,200,OK,スレッドグループ 1-12,text,true,219,42,42,3996
1453122810443,3997,HTTP リクエスト,200,OK,スレッドグループ 1-13,text,true,219,42,42,3997
1453122810486,3960,HTTP リクエスト,200,OK,スレッドグループ 1-15,text,true,4418,42,42,3960
1453122810497,3949,HTTP リクエスト,200,OK,スレッドグループ 1-16,text,true,4418,42,42,3949
1453122810497,3949,HTTP リクエスト,200,OK,スレッドグループ 1-17,text,true,4418,42,42,3949
1453122810498,3949,HTTP リクエスト,200,OK,スレッドグループ 1-18,text,true,4418,42,42,3949
1453122810498,3949,HTTP リクエスト,200,OK,スレッドグループ 1-19,text,true,4418,42,42,3949
1453122808004,6569,HTTP リクエスト,200,OK,スレッドグループ 1-22,text,true,77560,42,42,6556
1453122808305,6268,HTTP リクエスト,200,OK,スレッドグループ 1-23,text,true,77560,42,42,6257
1453122808606,5967,HTTP リクエスト,200,OK,スレッドグループ 1-24,text,true,77560,42,42,5956
1453122808902,5685,HTTP リクエスト,200,OK,スレッドグループ 1-25,text,true,77560,42,42,5672
1453122809203,5385,HTTP リクエスト,200,OK,スレッドグループ 1-26,text,true,77560,42,42,5372
1453122809807,4782,HTTP リクエスト,200,OK,スレッドグループ 1-28,text,true,77560,42,42,4773
1453122809503,5086,HTTP リクエスト,200,OK,スレッドグループ 1-27,text,true,77560,42,42,5074
1453122811324,4383,HTTP リクエスト,200,OK,スレッドグループ 1-5,text,true,219,46,46,4383
1453122811374,4343,HTTP リクエスト,200,OK,スレッドグループ 1-7,text,true,4418,46,46,4343
1453122812011,3787,HTTP リクエスト,200,OK,スレッドグループ 1-10,text,true,77560,46,46,3786
1453122812042,4470,HTTP リクエスト,200,OK,スレッドグループ 1-14,text,true,219,49,49,4470
1453122812215,4331,HTTP リクエスト,200,OK,スレッドグループ 1-20,text,true,4418,49,49,4331
1453122812233,4314,HTTP リクエスト,200,OK,スレッドグループ 1-21,text,true,4418,49,49,4314
1453122810102,6664,HTTP リクエスト,200,OK,スレッドグループ 1-29,text,true,77560,50,50,6663
1453122810406,6362,HTTP リクエスト,200,OK,スレッドグループ 1-30,text,true,77560,50,50,6361
1453122810702,6068,HTTP リクエスト,200,OK,スレッドグループ 1-31,text,true,77560,50,50,6067
1453122814106,4971,HTTP リクエスト,200,OK,スレッドグループ 1-2,text,true,219,57,57,4971
1453122814117,4960,HTTP リクエスト,200,OK,スレッドグループ 1-3,text,true,4418,57,57,4960
1453122814106,4973,HTTP リクエスト,200,OK,スレッドグループ 1-4,text,true,77560,57,57,4971
1453122814117,5228,HTTP リクエスト,200,OK,スレッドグループ 1-6,text,true,219,57,57,5228
1453122814162,5189,HTTP リクエスト,200,OK,スレッドグループ 1-8,text,true,4418,57,57,5189
1453122814196,5155,HTTP リクエスト,200,OK,スレッドグループ 1-9,text,true,4418,57,57,5155
1453122814449,4948,HTTP リクエスト,200,OK,スレッドグループ 1-11,text,true,77560,57,57,4945
1453122814464,4934,HTTP リクエスト,200,OK,スレッドグループ 1-12,text,true,77560,57,57,4933
1453122814464,4936,HTTP リクエスト,200,OK,スレッドグループ 1-13,text,true,77560,57,57,4933
1453122814492,5160,HTTP リクエスト,200,OK,スレッドグループ 1-15,text,true,219,58,58,5160
1453122814492,5160,HTTP リクエスト,200,OK,スレッドグループ 1-16,text,true,219,58,58,5160
1453122814492,5161,HTTP リクエスト,200,OK,スレッドグループ 1-17,text,true,219,58,58,5161
1453122814492,5161,HTTP リクエスト,200,OK,スレッドグループ 1-18,text,true,219,58,58,5161
1453122814492,5161,HTTP リクエスト,200,OK,スレッドグループ 1-19,text,true,219,58,58,5161
1453122814595,5074,HTTP リクエスト,200,OK,スレッドグループ 1-22,text,true,4418,58,58,5074
1453122814595,5074,HTTP リクエスト,200,OK,スレッドグループ 1-23,text,true,4418,58,58,5074
1453122814614,5055,HTTP リクエスト,200,OK,スレッドグループ 1-24,text,true,4418,58,58,5055
1453122814614,5055,HTTP リクエスト,200,OK,スレッドグループ 1-25,text,true,4418,58,58,5055
1453122814614,5056,HTTP リクエスト,200,OK,スレッドグループ 1-26,text,true,4418,58,58,5056
1453122814614,5056,HTTP リクエスト,200,OK,スレッドグループ 1-27,text,true,4418,58,58,5056
1453122814614,5056,HTTP リクエスト,200,OK,スレッドグループ 1-28,text,true,4418,58,58,5056
1453122811004,8779,HTTP リクエスト,200,OK,スレッドグループ 1-32,text,true,77560,59,59,8778
1453122811303,8482,HTTP リクエスト,200,OK,スレッドグループ 1-33,text,true,77560,59,59,8481
1453122811607,8179,HTTP リクエスト,200,OK,スレッドグループ 1-34,text,true,77560,59,59,8178
1453122811905,7883,HTTP リクエスト,200,OK,スレッドグループ 1-35,text,true,77560,59,59,7882
1453122812208,7582,HTTP リクエスト,200,OK,スレッドグループ 1-36,text,true,77560,59,59,7581
1453122812506,7286,HTTP リクエスト,200,OK,スレッドグループ 1-37,text,true,77560,59,59,7283
1453122812805,7003,HTTP リクエスト,200,OK,スレッドグループ 1-38,text,true,77560,59,59,6987
1453122813109,6699,HTTP リクエスト,200,OK,スレッドグループ 1-39,text,true,77560,59,59,6685
1453122813405,6405,HTTP リクエスト,200,OK,スレッドグループ 1-40,text,true,77560,59,59,6393
1453122813706,6105,HTTP リクエスト,200,OK,スレッドグループ 1-41,text,true,77560,59,59,6091
1453122815717,5426,HTTP リクエスト,200,OK,スレッドグループ 1-5,text,true,77560,63,63,5425
1453122815731,5654,HTTP リクエスト,200,OK,スレッドグループ 1-7,text,true,219,64,64,5654
1453122815808,5594,HTTP リクエスト,200,OK,スレッドグループ 1-10,text,true,4418,64,64,5594
1453122816520,4983,HTTP リクエスト,200,OK,スレッドグループ 1-14,text,true,77560,64,64,4982
1453122816555,6133,HTTP リクエスト,200,OK,スレッドグループ 1-20,text,true,219,68,68,6133
1453122816565,6124,HTTP リクエスト,200,OK,スレッドグループ 1-21,text,true,219,68,68,6123
1453122816775,5975,HTTP リクエスト,200,OK,スレッドグループ 1-29,text,true,4418,69,69,5975
1453122816785,5965,HTTP リクエスト,200,OK,スレッドグループ 1-30,text,true,4418,69,69,5965
1453122816785,5965,HTTP リクエスト,200,OK,スレッドグループ 1-31,text,true,4418,69,69,5965
1453122814010,9072,HTTP リクエスト,200,OK,スレッドグループ 1-42,text,true,77560,70,70,9069
1453122814317,8768,HTTP リクエスト,200,OK,スレッドグループ 1-43,text,true,77560,70,70,8765
1453122814611,8475,HTTP リクエスト,200,OK,スレッドグループ 1-44,text,true,77560,70,70,8471
1453122814911,8175,HTTP リクエスト,200,OK,スレッドグループ 1-45,text,true,77560,70,70,8172
1453122815212,7875,HTTP リクエスト,200,OK,スレッドグループ 1-46,text,true,77560,70,70,7872
1453122819089,6374,HTTP リクエスト,200,OK,スレッドグループ 1-3,text,true,219,78,78,6374
1453122819103,6360,HTTP リクエスト,200,OK,スレッドグループ 1-4,text,true,4418,78,78,6360
1453122819355,6161,HTTP リクエスト,200,OK,スレッドグループ 1-6,text,true,77560,77,77,6160
1453122819366,6400,HTTP リクエスト,200,OK,スレッドグループ 1-8,text,true,219,78,78,6400
1453122819366,6400,HTTP リクエスト,200,OK,スレッドグループ 1-9,text,true,219,78,78,6400
1453122819407,6367,HTTP リクエスト,200,OK,スレッドグループ 1-11,text,true,4418,78,78,6367
1453122819423,6353,HTTP リクエスト,200,OK,スレッドグループ 1-12,text,true,4418,78,78,6353
1453122819424,6352,HTTP リクエスト,200,OK,スレッドグループ 1-13,text,true,4418,78,78,6352
1453122819661,6180,HTTP リクエスト,200,OK,スレッドグループ 1-15,text,true,77560,78,78,6178
1453122819673,6171,HTTP リクエスト,200,OK,スレッドグループ 1-16,text,true,77560,78,78,6168
1453122819673,6174,HTTP リクエスト,200,OK,スレッドグループ 1-17,text,true,77560,78,78,6171
1453122819673,6176,HTTP リクエスト,200,OK,スレッドグループ 1-18,text,true,77560,78,78,6174
1453122819673,6179,HTTP リクエスト,200,OK,スレッドグループ 1-19,text,true,77560,78,78,6176
1453122819689,6754,HTTP リクエスト,200,OK,スレッドグループ 1-22,text,true,219,80,80,6754
1453122819689,6755,HTTP リクエスト,200,OK,スレッドグループ 1-23,text,true,219,80,80,6755
1453122819689,6755,HTTP リクエスト,200,OK,スレッドグループ 1-24,text,true,219,80,80,6755
1453122819689,6757,HTTP リクエスト,200,OK,スレッドグループ 1-25,text,true,219,80,80,6757
1453122819689,6758,HTTP リクエスト,200,OK,スレッドグループ 1-26,text,true,219,80,80,6758
1453122819690,6758,HTTP リクエスト,200,OK,スレッドグループ 1-27,text,true,219,80,80,6758
1453122819690,6758,HTTP リクエスト,200,OK,スレッドグループ 1-28,text,true,219,80,80,6758
1453122819799,6689,HTTP リクエスト,200,OK,スレッドグループ 1-32,text,true,4418,80,80,6689
1453122819817,6672,HTTP リクエスト,200,OK,スレッドグループ 1-35,text,true,4418,80,80,6672
1453122819838,6654,HTTP リクエスト,200,OK,スレッドグループ 1-38,text,true,4418,80,80,6654
1453122819829,6662,HTTP リクエスト,200,OK,スレッドグループ 1-37,text,true,4418,80,80,6662
1453122819817,6673,HTTP リクエスト,200,OK,スレッドグループ 1-36,text,true,4418,80,80,6673
1453122819838,6654,HTTP リクエスト,200,OK,スレッドグループ 1-39,text,true,4418,80,80,6654
1453122819838,6655,HTTP リクエスト,200,OK,スレッドグループ 1-40,text,true,4418,80,80,6655
1453122819839,6654,HTTP リクエスト,200,OK,スレッドグループ 1-41,text,true,4418,80,80,6654
1453122819817,6687,HTTP リクエスト,200,OK,スレッドグループ 1-33,text,true,4418,80,80,6687
1453122819817,6688,HTTP リクエスト,200,OK,スレッドグループ 1-34,text,true,4418,80,80,6687
1453122815511,11191,HTTP リクエスト,200,OK,スレッドグループ 1-47,text,true,77560,81,81,11189
1453122815817,10886,HTTP リクエスト,200,OK,スレッドグループ 1-48,text,true,77560,81,81,10885
1453122816118,10587,HTTP リクエスト,200,OK,スレッドグループ 1-49,text,true,77560,81,81,10585
1453122816412,10295,HTTP リクエスト,200,OK,スレッドグループ 1-50,text,true,77560,81,81,10294
1453122816717,9992,HTTP リクエスト,200,OK,スレッドグループ 1-51,text,true,77560,81,81,9990
1453122817015,9699,HTTP リクエスト,200,OK,スレッドグループ 1-52,text,true,77560,81,81,9695
1453122817319,9403,HTTP リクエスト,200,OK,スレッドグループ 1-53,text,true,77560,81,81,9393
1453122817617,9121,HTTP リクエスト,200,OK,スレッドグループ 1-54,text,true,77560,81,81,9101
1453122817914,8825,HTTP リクエスト,200,OK,スレッドグループ 1-55,text,true,77560,81,81,8805
1453122818216,8523,HTTP リクエスト,200,OK,スレッドグループ 1-56,text,true,77560,81,81,8503
1453122821156,7956,HTTP リクエスト,200,OK,スレッドグループ 1-5,text,true,4418,89,89,7956
1453122821395,7764,HTTP リクエスト,200,OK,スレッドグループ 1-7,text,true,77560,89,89,7762
1453122821413,8289,HTTP リクエスト,200,OK,スレッドグループ 1-10,text,true,219,91,91,8289
1453122821514,8216,HTTP リクエスト,200,OK,スレッドグループ 1-14,text,true,4418,91,91,8215
1453122822697,7206,HTTP リクエスト,200,OK,スレッドグループ 1-20,text,true,77560,91,91,7204
1453122822706,7198,HTTP リクエスト,200,OK,スレッドグループ 1-21,text,true,77560,91,91,7197
1453122822759,9038,HTTP リクエスト,200,OK,スレッドグループ 1-29,text,true,219,97,97,9038
1453122822759,9039,HTTP リクエスト,200,OK,スレッドグループ 1-30,text,true,219,97,97,9039
1453122822769,9029,HTTP リクエスト,200,OK,スレッドグループ 1-31,text,true,219,97,97,9029
1453122823095,8798,HTTP リクエスト,200,OK,スレッドグループ 1-42,text,true,4418,97,97,8798
1453122823106,8787,HTTP リクエスト,200,OK,スレッドグループ 1-43,text,true,4418,97,97,8787
1453122823106,8788,HTTP リクエスト,200,OK,スレッドグループ 1-44,text,true,4418,97,97,8788
1453122823106,8788,HTTP リクエスト,200,OK,スレッドグループ 1-45,text,true,4418,97,97,8788
1453122823106,8788,HTTP リクエスト,200,OK,スレッドグループ 1-46,text,true,4418,97,97,8788
1453122818516,13723,HTTP リクエスト,200,OK,スレッドグループ 1-57,text,true,77560,97,97,13722
1453122818820,13424,HTTP リクエスト,200,OK,スレッドグループ 1-58,text,true,77560,97,97,13420
1453122819128,13116,HTTP リクエスト,200,OK,スレッドグループ 1-59,text,true,77560,97,97,13112
1453122819421,12825,HTTP リクエスト,200,OK,スレッドグループ 1-60,text,true,77560,97,97,12820
1453122819720,12528,HTTP リクエスト,200,OK,スレッドグループ 1-61,text,true,77560,97,97,12527
1453122820024,12226,HTTP リクエスト,200,OK,スレッドグループ 1-62,text,true,77560,97,97,12224
1453122820320,11939,HTTP リクエスト,200,OK,スレッドグループ 1-63,text,true,77560,97,97,11931
1453122820620,11640,HTTP リクエスト,200,OK,スレッドグループ 1-64,text,true,77560,97,97,11632
1453122820920,11340,HTTP リクエスト,200,OK,スレッドグループ 1-65,text,true,77560,97,97,11332
1453122825482,9298,HTTP リクエスト,200,OK,スレッドグループ 1-4,text,true,219,97,97,9298
1453122825523,9266,HTTP リクエスト,200,OK,スレッドグループ 1-6,text,true,4418,97,97,9266
1453122825777,9091,HTTP リクエスト,200,OK,スレッドグループ 1-8,text,true,77560,96,96,9090
1453122825792,9079,HTTP リクエスト,200,OK,スレッドグループ 1-9,text,true,77560,96,96,9077
1453122825806,9348,HTTP リクエスト,200,OK,スレッドグループ 1-11,text,true,219,96,96,9348
1453122825807,9348,HTTP リクエスト,200,OK,スレッドグループ 1-12,text,true,219,96,96,9348
1453122825807,9348,HTTP リクエスト,200,OK,スレッドグループ 1-13,text,true,219,96,96,9348
1453122825886,9277,HTTP リクエスト,200,OK,スレッドグループ 1-16,text,true,4418,96,96,9277
1453122825857,9306,HTTP リクエスト,200,OK,スレッドグループ 1-15,text,true,4418,96,96,9306
1453122825886,9277,HTTP リクエスト,200,OK,スレッドグループ 1-17,text,true,4418,96,96,9277
1453122825886,9278,HTTP リクエスト,200,OK,スレッドグループ 1-18,text,true,4418,96,96,9278
1453122825887,9278,HTTP リクエスト,200,OK,スレッドグループ 1-19,text,true,4418,96,96,9278
1453122826452,8806,HTTP リクエスト,200,OK,スレッドグループ 1-22,text,true,77560,96,96,8804
1453122826465,8795,HTTP リクエスト,200,OK,スレッドグループ 1-23,text,true,77560,96,96,8794
1453122826474,8789,HTTP リクエスト,200,OK,スレッドグループ 1-24,text,true,77560,96,96,8786
1453122826474,8791,HTTP リクエスト,200,OK,スレッドグループ 1-25,text,true,77560,96,96,8787
1453122826474,8792,HTTP リクエスト,200,OK,スレッドグループ 1-26,text,true,77560,96,96,8791
1453122826474,8794,HTTP リクエスト,200,OK,スレッドグループ 1-27,text,true,77560,96,96,8792
1453122826474,8797,HTTP リクエスト,200,OK,スレッドグループ 1-28,text,true,77560,96,96,8794
1453122826500,9542,HTTP リクエスト,200,OK,スレッドグループ 1-32,text,true,219,96,96,9542
1453122826526,9516,HTTP リクエスト,200,OK,スレッドグループ 1-33,text,true,219,96,96,9516
1453122826526,9516,HTTP リクエスト,200,OK,スレッドグループ 1-34,text,true,219,96,96,9516
1453122826525,9518,HTTP リクエスト,200,OK,スレッドグループ 1-35,text,true,219,96,96,9518
1453122826525,9518,HTTP リクエスト,200,OK,スレッドグループ 1-36,text,true,219,96,96,9518
1453122826526,9517,HTTP リクエスト,200,OK,スレッドグループ 1-37,text,true,219,96,96,9517
1453122826526,9517,HTTP リクエスト,200,OK,スレッドグループ 1-38,text,true,219,96,96,9517
1453122826525,9518,HTTP リクエスト,200,OK,スレッドグループ 1-39,text,true,219,96,96,9518
1453122826525,9519,HTTP リクエスト,200,OK,スレッドグループ 1-40,text,true,219,96,96,9519
1453122826526,9518,HTTP リクエスト,200,OK,スレッドグループ 1-41,text,true,219,96,96,9518
1453122826717,9378,HTTP リクエスト,200,OK,スレッドグループ 1-47,text,true,4418,96,96,9378
1453122826744,9352,HTTP リクエスト,200,OK,スレッドグループ 1-48,text,true,4418,96,96,9352
1453122826744,9352,HTTP リクエスト,200,OK,スレッドグループ 1-49,text,true,4418,96,96,9352
1453122826744,9352,HTTP リクエスト,200,OK,スレッドグループ 1-50,text,true,4418,96,96,9352
1453122826744,9353,HTTP リクエスト,200,OK,スレッドグループ 1-51,text,true,4418,96,96,9353
1453122826761,9336,HTTP リクエスト,200,OK,スレッドグループ 1-52,text,true,4418,96,96,9336
1453122826772,9325,HTTP リクエスト,200,OK,スレッドグループ 1-53,text,true,4418,96,96,9325
1453122826773,9325,HTTP リクエスト,200,OK,スレッドグループ 1-54,text,true,4418,96,96,9325
1453122826773,9325,HTTP リクエスト,200,OK,スレッドグループ 1-55,text,true,4418,96,96,9325
1453122826773,9325,HTTP リクエスト,200,OK,スレッドグループ 1-56,text,true,4418,96,96,9325
1453122821220,15200,HTTP リクエスト,200,OK,スレッドグループ 1-66,text,true,77560,96,96,15197
1453122821523,14899,HTTP リクエスト,200,OK,スレッドグループ 1-67,text,true,77560,96,96,14898
1453122821818,14606,HTTP リクエスト,200,OK,スレッドグループ 1-68,text,true,77560,96,96,14604
1453122822120,14306,HTTP リクエスト,200,OK,スレッドグループ 1-69,text,true,77560,96,96,14304
1453122822418,14009,HTTP リクエスト,200,OK,スレッドグループ 1-70,text,true,77560,96,96,14006
1453122822729,13702,HTTP リクエスト,200,OK,スレッドグループ 1-71,text,true,77560,96,96,13698
1453122823325,13112,HTTP リクエスト,200,OK,スレッドグループ 1-73,text,true,77560,96,96,13108
1453122823028,13409,HTTP リクエスト,200,OK,スレッドグループ 1-72,text,true,77560,96,96,13404
1453122823629,12810,HTTP リクエスト,200,OK,スレッドグループ 1-74,text,true,77560,96,96,12805
1453122823928,12512,HTTP リクエスト,200,OK,スレッドグループ 1-75,text,true,77560,96,96,12506
1453122829123,10123,HTTP リクエスト,200,OK,スレッドグループ 1-5,text,true,219,96,96,10123
1453122829168,10086,HTTP リクエスト,200,OK,スレッドグループ 1-7,text,true,4418,96,96,10086
1453122829713,9642,HTTP リクエスト,200,OK,スレッドグループ 1-10,text,true,77560,95,95,9641
1453122829739,10306,HTTP リクエスト,200,OK,スレッドグループ 1-14,text,true,219,95,95,10306
1453122829912,10176,HTTP リクエスト,200,OK,スレッドグループ 1-20,text,true,4418,95,95,10176
1453122829928,10161,HTTP リクエスト,200,OK,スレッドグループ 1-21,text,true,4418,95,95,10161
1453122831814,8508,HTTP リクエスト,200,OK,スレッドグループ 1-29,text,true,77560,95,95,8506
1453122831826,8498,HTTP リクエスト,200,OK,スレッドグループ 1-30,text,true,77560,95,95,8496
1453122831826,8499,HTTP リクエスト,200,OK,スレッドグループ 1-31,text,true,77560,95,95,8497
1453122831905,10864,HTTP リクエスト,200,OK,スレッドグループ 1-42,text,true,219,95,95,10864
1453122831916,10853,HTTP リクエスト,200,OK,スレッドグループ 1-43,text,true,219,95,95,10853
1453122831917,10852,HTTP リクエスト,200,OK,スレッドグループ 1-44,text,true,219,95,95,10852
1453122831917,10853,HTTP リクエスト,200,OK,スレッドグループ 1-45,text,true,219,95,95,10853
1453122831917,10853,HTTP リクエスト,200,OK,スレッドグループ 1-46,text,true,219,95,95,10853
1453122832252,10603,HTTP リクエスト,200,OK,スレッドグループ 1-57,text,true,4418,95,95,10603
1453122832268,10587,HTTP リクエスト,200,OK,スレッドグループ 1-58,text,true,4418,95,95,10587
1453122832268,10587,HTTP リクエスト,200,OK,スレッドグループ 1-59,text,true,4418,95,95,10587
1453122832268,10587,HTTP リクエスト,200,OK,スレッドグループ 1-60,text,true,4418,95,95,10587
1453122832268,10587,HTTP リクエスト,200,OK,スレッドグループ 1-61,text,true,4418,95,95,10587
1453122832269,10587,HTTP リクエスト,200,OK,スレッドグループ 1-62,text,true,4418,95,95,10587
1453122832279,10577,HTTP リクエスト,200,OK,スレッドグループ 1-63,text,true,4418,95,95,10577
1453122832289,10567,HTTP リクエスト,200,OK,スレッドグループ 1-64,text,true,4418,95,95,10567
1453122832289,10567,HTTP リクエスト,200,OK,スレッドグループ 1-65,text,true,4418,95,95,10567
1453122824228,18944,HTTP リクエスト,200,OK,スレッドグループ 1-76,text,true,77560,95,95,18942
1453122824531,18645,HTTP リクエスト,200,OK,スレッドグループ 1-77,text,true,77560,95,95,18640
1453122824829,18349,HTTP リクエスト,200,OK,スレッドグループ 1-78,text,true,77560,95,95,18347
1453122825128,18051,HTTP リクエスト,200,OK,スレッドグループ 1-79,text,true,77560,95,95,18050
1453122825429,17752,HTTP リクエスト,200,OK,スレッドグループ 1-80,text,true,77560,95,95,17751
1453122825729,17458,HTTP リクエスト,200,OK,スレッドグループ 1-81,text,true,77560,95,95,17451
1453122826029,17160,HTTP リクエスト,200,OK,スレッドグループ 1-82,text,true,77560,95,95,17154
1453122826329,16862,HTTP リクエスト,200,OK,スレッドグループ 1-83,text,true,77560,95,95,16859
1453122826628,16566,HTTP リクエスト,200,OK,スレッドグループ 1-84,text,true,77560,95,95,16561
1453122826930,16266,HTTP リクエスト,200,OK,スレッドグループ 1-85,text,true,77560,95,95,16264
1453122834857,10716,HTTP リクエスト,200,OK,スレッドグループ 1-6,text,true,219,95,95,10716
1453122834880,10702,HTTP リクエスト,200,OK,スレッドグループ 1-8,text,true,4418,95,95,10702
1453122834898,10686,HTTP リクエスト,200,OK,スレッドグループ 1-9,text,true,4418,95,95,10686
1453122835169,10476,HTTP リクエスト,200,OK,スレッドグループ 1-11,text,true,77560,94,94,10474
1453122835184,10464,HTTP リクエスト,200,OK,スレッドグループ 1-12,text,true,77560,94,94,10461
1453122835184,10466,HTTP リクエスト,200,OK,スレッドグループ 1-13,text,true,77560,94,94,10462
1453122835193,10719,HTTP リクエスト,200,OK,スレッドグループ 1-15,text,true,219,94,94,10719
1453122835192,10720,HTTP リクエスト,200,OK,スレッドグループ 1-16,text,true,219,94,94,10720
1453122835193,10720,HTTP リクエスト,200,OK,スレッドグループ 1-17,text,true,219,94,94,10720
1453122835193,10720,HTTP リクエスト,200,OK,スレッドグループ 1-18,text,true,219,94,94,10720
1453122835193,10720,HTTP リクエスト,200,OK,スレッドグループ 1-19,text,true,219,94,94,10720
1453122835271,10660,HTTP リクエスト,200,OK,スレッドグループ 1-22,text,true,4418,94,94,10660
1453122835284,10647,HTTP リクエスト,200,OK,スレッドグループ 1-23,text,true,4418,94,94,10647
1453122835284,10652,HTTP リクエスト,200,OK,スレッドグループ 1-24,text,true,4418,94,94,10652
1453122835285,10651,HTTP リクエスト,200,OK,スレッドグループ 1-25,text,true,4418,94,94,10651
1453122835285,10652,HTTP リクエスト,200,OK,スレッドグループ 1-26,text,true,4418,94,94,10652
1453122835285,10652,HTTP リクエスト,200,OK,スレッドグループ 1-27,text,true,4418,94,94,10652
1453122835285,10652,HTTP リクエスト,200,OK,スレッドグループ 1-28,text,true,4418,94,94,10652
1453122836051,9997,HTTP リクエスト,200,OK,スレッドグループ 1-32,text,true,77560,94,94,9995
1453122836064,9987,HTTP リクエスト,200,OK,スレッドグループ 1-33,text,true,77560,94,94,9985
1453122836064,9990,HTTP リクエスト,200,OK,スレッドグループ 1-34,text,true,77560,94,94,9988
1453122836064,9990,HTTP リクエスト,200,OK,スレッドグループ 1-35,text,true,77560,94,94,9988
1453122836074,9982,HTTP リクエスト,200,OK,スレッドグループ 1-36,text,true,77560,94,94,9981
1453122836075,9982,HTTP リクエスト,200,OK,スレッドグループ 1-37,text,true,77560,94,94,9980
1453122836075,9985,HTTP リクエスト,200,OK,スレッドグループ 1-38,text,true,77560,94,94,9982
1453122836075,9991,HTTP リクエスト,200,OK,スレッドグループ 1-39,text,true,77560,94,94,9987
1453122836075,9994,HTTP リクエスト,200,OK,スレッドグループ 1-40,text,true,77560,94,94,9992
1453122836076,9995,HTTP リクエスト,200,OK,スレッドグループ 1-41,text,true,77560,94,94,9994
1453122836105,11075,HTTP リクエスト,200,OK,スレッドグループ 1-47,text,true,219,94,94,11075
1453122836119,11061,HTTP リクエスト,200,OK,スレッドグループ 1-48,text,true,219,94,94,11061
1453122836127,11054,HTTP リクエスト,200,OK,スレッドグループ 1-49,text,true,219,94,94,11054
1453122836127,11054,HTTP リクエスト,200,OK,スレッドグループ 1-50,text,true,219,94,94,11054
1453122836127,11054,HTTP リクエスト,200,OK,スレッドグループ 1-51,text,true,219,94,94,11054
1453122836127,11054,HTTP リクエスト,200,OK,スレッドグループ 1-52,text,true,219,94,94,11054
1453122836127,11055,HTTP リクエスト,200,OK,スレッドグループ 1-53,text,true,219,94,94,11055
1453122836127,11055,HTTP リクエスト,200,OK,スレッドグループ 1-54,text,true,219,94,94,11055
1453122836128,11054,HTTP リクエスト,200,OK,スレッドグループ 1-55,text,true,219,94,94,11054
1453122836128,11055,HTTP リクエスト,200,OK,スレッドグループ 1-56,text,true,219,94,94,11055
1453122836430,10825,HTTP リクエスト,200,OK,スレッドグループ 1-66,text,true,4418,94,94,10825
1453122836446,10810,HTTP リクエスト,200,OK,スレッドグループ 1-67,text,true,4418,94,94,10810
1453122836446,10811,HTTP リクエスト,200,OK,スレッドグループ 1-68,text,true,4418,94,94,10811
1453122836446,10811,HTTP リクエスト,200,OK,スレッドグループ 1-69,text,true,4418,94,94,10811
1453122836446,10811,HTTP リクエスト,200,OK,スレッドグループ 1-70,text,true,4418,94,94,10811
1453122836447,10811,HTTP リクエスト,200,OK,スレッドグループ 1-71,text,true,4418,94,94,10811
1453122836456,10802,HTTP リクエスト,200,OK,スレッドグループ 1-72,text,true,4418,94,94,10802
1453122836456,10802,HTTP リクエスト,200,OK,スレッドグループ 1-73,text,true,4418,94,94,10802
1453122836464,10795,HTTP リクエスト,200,OK,スレッドグループ 1-74,text,true,4418,94,94,10795
1453122836464,10795,HTTP リクエスト,200,OK,スレッドグループ 1-75,text,true,4418,94,94,10795
1453122827230,20331,HTTP リクエスト,200,OK,スレッドグループ 1-86,text,true,77560,94,94,20330
1453122827535,20028,HTTP リクエスト,200,OK,スレッドグループ 1-87,text,true,77560,94,94,20027
1453122827834,19732,HTTP リクエスト,200,OK,スレッドグループ 1-88,text,true,77560,94,94,19730
1453122828133,19434,HTTP リクエスト,200,OK,スレッドグループ 1-89,text,true,77560,94,94,19433
1453122828435,19134,HTTP リクエスト,200,OK,スレッドグループ 1-90,text,true,77560,94,94,19133
1453122828739,18837,HTTP リクエスト,200,OK,スレッドグループ 1-91,text,true,77560,94,94,18830
1453122829035,18543,HTTP リクエスト,200,OK,スレッドグループ 1-92,text,true,77560,94,94,18536
1453122829334,18244,HTTP リクエスト,200,OK,スレッドグループ 1-93,text,true,77560,94,94,18237
1453122829938,17641,HTTP リクエスト,200,OK,スレッドグループ 1-95,text,true,77560,94,94,17634
1453122829646,17933,HTTP リクエスト,200,OK,スレッドグループ 1-94,text,true,77560,94,94,17926
1453122839274,9441,HTTP リクエスト,200,OK,スレッドグループ 1-7,text,true,219,94,94,9441
1453122839362,9373,HTTP リクエスト,200,OK,スレッドグループ 1-10,text,true,4418,93,93,9373
1453122840053,8785,HTTP リクエスト,200,OK,スレッドグループ 1-14,text,true,77560,93,93,8783
1453122840100,9991,HTTP リクエスト,200,OK,スレッドグループ 1-20,text,true,219,93,93,9991
1453122840111,9981,HTTP リクエスト,200,OK,スレッドグループ 1-21,text,true,219,93,93,9981
1453122840331,9827,HTTP リクエスト,200,OK,スレッドグループ 1-29,text,true,4418,93,93,9827
1453122840347,9811,HTTP リクエスト,200,OK,スレッドグループ 1-30,text,true,4418,93,93,9811
1453122840347,9811,HTTP リクエスト,200,OK,スレッドグループ 1-31,text,true,4418,93,93,9811
1453122842781,7672,HTTP リクエスト,200,OK,スレッドグループ 1-42,text,true,77560,93,93,7671
1453122842790,7665,HTTP リクエスト,200,OK,スレッドグループ 1-43,text,true,77560,93,93,7664
1453122842791,7666,HTTP リクエスト,200,OK,スレッドグループ 1-44,text,true,77560,93,93,7665
1453122842791,7668,HTTP リクエスト,200,OK,スレッドグループ 1-45,text,true,77560,93,93,7667
1453122842791,7669,HTTP リクエスト,200,OK,スレッドグループ 1-46,text,true,77560,93,93,7668
1453122842865,9898,HTTP リクエスト,200,OK,スレッドグループ 1-57,text,true,219,93,93,9898
1453122842867,9896,HTTP リクエスト,200,OK,スレッドグループ 1-58,text,true,219,93,93,9896
1453122842876,9888,HTTP リクエスト,200,OK,スレッドグループ 1-59,text,true,219,93,93,9888
1453122842876,9888,HTTP リクエスト,200,OK,スレッドグループ 1-60,text,true,219,93,93,9888
1453122842876,9888,HTTP リクエスト,200,OK,スレッドグループ 1-61,text,true,219,93,93,9888
1453122842877,9888,HTTP リクエスト,200,OK,スレッドグループ 1-62,text,true,219,93,93,9888
1453122842877,9888,HTTP リクエスト,200,OK,スレッドグループ 1-63,text,true,219,93,93,9888
1453122842877,9888,HTTP リクエスト,200,OK,スレッドグループ 1-64,text,true,219,93,93,9888
1453122842877,9888,HTTP リクエスト,200,OK,スレッドグループ 1-65,text,true,219,93,93,9888
1453122843184,9658,HTTP リクエスト,200,OK,スレッドグループ 1-76,text,true,4418,93,93,9658
1453122843201,9641,HTTP リクエスト,200,OK,スレッドグループ 1-77,text,true,4418,93,93,9641
1453122843202,9641,HTTP リクエスト,200,OK,スレッドグループ 1-78,text,true,4418,93,93,9641
1453122843202,9641,HTTP リクエスト,200,OK,スレッドグループ 1-79,text,true,4418,93,93,9641
1453122843202,9641,HTTP リクエスト,200,OK,スレッドグループ 1-80,text,true,4418,93,93,9641
1453122843202,9642,HTTP リクエスト,200,OK,スレッドグループ 1-81,text,true,4418,93,93,9642
1453122843212,9632,HTTP リクエスト,200,OK,スレッドグループ 1-82,text,true,4418,93,93,9632
1453122843212,9632,HTTP リクエスト,200,OK,スレッドグループ 1-83,text,true,4418,93,93,9632
1453122843221,9624,HTTP リクエスト,200,OK,スレッドグループ 1-84,text,true,4418,93,93,9624
1453122843221,9624,HTTP リクエスト,200,OK,スレッドグループ 1-85,text,true,4418,93,93,9624
1453122830237,22904,HTTP リクエスト,200,OK,スレッドグループ 1-96,text,true,77560,93,93,22902
1453122830542,22600,HTTP リクエスト,200,OK,スレッドグループ 1-97,text,true,77560,93,93,22599
1453122830839,22306,HTTP リクエスト,200,OK,スレッドグループ 1-98,text,true,77560,93,93,22305
1453122831138,22008,HTTP リクエスト,200,OK,スレッドグループ 1-99,text,true,77560,93,93,22007
1453122831439,21708,HTTP リクエスト,200,OK,スレッドグループ 1-100,text,true,77560,93,93,21707
1453122845612,7536,HTTP リクエスト,200,OK,スレッドグループ 1-8,text,true,219,93,93,7536
1453122845612,7536,HTTP リクエスト,200,OK,スレッドグループ 1-9,text,true,219,93,93,7536
1453122845657,7505,HTTP リクエスト,200,OK,スレッドグループ 1-11,text,true,4418,93,93,7505
1453122845674,7489,HTTP リクエスト,200,OK,スレッドグループ 1-12,text,true,4418,93,93,7489
1453122845674,7489,HTTP リクエスト,200,OK,スレッドグループ 1-13,text,true,4418,93,93,7489
1453122845920,7295,HTTP リクエスト,200,OK,スレッドグループ 1-15,text,true,77560,91,91,7294
1453122845930,7286,HTTP リクエスト,200,OK,スレッドグループ 1-16,text,true,77560,91,91,7285
1453122845931,7288,HTTP リクエスト,200,OK,スレッドグループ 1-17,text,true,77560,91,91,7287
1453122845931,7290,HTTP リクエスト,200,OK,スレッドグループ 1-18,text,true,77560,91,91,7287
1453122845931,7291,HTTP リクエスト,200,OK,スレッドグループ 1-19,text,true,77560,91,91,7290
1453122845946,7785,HTTP リクエスト,200,OK,スレッドグループ 1-22,text,true,219,91,91,7785
1453122845946,7786,HTTP リクエスト,200,OK,スレッドグループ 1-23,text,true,219,91,91,7786
1453122845959,7773,HTTP リクエスト,200,OK,スレッドグループ 1-24,text,true,219,91,91,7773
1453122845959,7773,HTTP リクエスト,200,OK,スレッドグループ 1-25,text,true,219,91,91,7773
1453122845959,7773,HTTP リクエスト,200,OK,スレッドグループ 1-26,text,true,219,91,91,7773
1453122845959,7773,HTTP リクエスト,200,OK,スレッドグループ 1-27,text,true,219,91,91,7773
1453122845959,7774,HTTP リクエスト,200,OK,スレッドグループ 1-28,text,true,219,91,91,7774
1453122846060,7709,HTTP リクエスト,200,OK,スレッドグループ 1-32,text,true,4418,91,91,7709
1453122846076,7695,HTTP リクエスト,200,OK,スレッドグループ 1-33,text,true,4418,91,91,7695
1453122846078,7693,HTTP リクエスト,200,OK,スレッドグループ 1-34,text,true,4418,91,91,7693
1453122846078,7694,HTTP リクエスト,200,OK,スレッドグループ 1-35,text,true,4418,91,91,7694
1453122846078,7694,HTTP リクエスト,200,OK,スレッドグループ 1-36,text,true,4418,91,91,7694
1453122846078,7695,HTTP リクエスト,200,OK,スレッドグループ 1-37,text,true,4418,91,91,7695
1453122846078,7695,HTTP リクエスト,200,OK,スレッドグループ 1-38,text,true,4418,91,91,7695
1453122846088,7685,HTTP リクエスト,200,OK,スレッドグループ 1-39,text,true,4418,91,91,7685
1453122846097,7676,HTTP リクエスト,200,OK,スレッドグループ 1-41,text,true,4418,91,91,7676
1453122846088,7685,HTTP リクエスト,200,OK,スレッドグループ 1-40,text,true,4418,91,91,7685
1453122847193,6751,HTTP リクエスト,200,OK,スレッドグループ 1-47,text,true,77560,91,91,6750
1453122847208,6738,HTTP リクエスト,200,OK,スレッドグループ 1-48,text,true,77560,91,91,6737
1453122847208,6741,HTTP リクエスト,200,OK,スレッドグループ 1-49,text,true,77560,91,91,6739
1453122847208,6742,HTTP リクエスト,200,OK,スレッドグループ 1-50,text,true,77560,91,91,6739
1453122847208,6743,HTTP リクエスト,200,OK,スレッドグループ 1-51,text,true,77560,91,91,6742
1453122847216,6738,HTTP リクエスト,200,OK,スレッドグループ 1-52,text,true,77560,91,91,6736
1453122847217,6744,HTTP リクエスト,200,OK,スレッドグループ 1-53,text,true,77560,91,91,6741
1453122847217,6746,HTTP リクエスト,200,OK,スレッドグループ 1-54,text,true,77560,91,91,6744
1453122847216,6750,HTTP リクエスト,200,OK,スレッドグループ 1-55,text,true,77560,91,91,6747
1453122847216,6755,HTTP リクエスト,200,OK,スレッドグループ 1-56,text,true,77560,91,91,6751
1453122847264,8995,HTTP リクエスト,200,OK,スレッドグループ 1-66,text,true,219,91,91,8995
1453122847277,8983,HTTP リクエスト,200,OK,スレッドグループ 1-67,text,true,219,91,91,8983
1453122847277,8983,HTTP リクエスト,200,OK,スレッドグループ 1-68,text,true,219,91,91,8983
1453122847290,8970,HTTP リクエスト,200,OK,スレッドグループ 1-69,text,true,219,91,91,8970
1453122847291,8970,HTTP リクエスト,200,OK,スレッドグループ 1-70,text,true,219,91,91,8970
1453122847291,8970,HTTP リクエスト,200,OK,スレッドグループ 1-71,text,true,219,91,91,8970
1453122847291,8970,HTTP リクエスト,200,OK,スレッドグループ 1-72,text,true,219,91,91,8970
1453122847291,8970,HTTP リクエスト,200,OK,スレッドグループ 1-73,text,true,219,91,91,8970
1453122847291,8970,HTTP リクエスト,200,OK,スレッドグループ 1-74,text,true,219,91,91,8970
1453122847291,8971,HTTP リクエスト,200,OK,スレッドグループ 1-75,text,true,219,91,91,8971
1453122847574,8773,HTTP リクエスト,200,OK,スレッドグループ 1-86,text,true,4418,91,91,8773
1453122847592,8755,HTTP リクエスト,200,OK,スレッドグループ 1-87,text,true,4418,91,91,8755
1453122847594,8754,HTTP リクエスト,200,OK,スレッドグループ 1-88,text,true,4418,91,91,8754
1453122847594,8754,HTTP リクエスト,200,OK,スレッドグループ 1-89,text,true,4418,91,91,8754
1453122847594,8754,HTTP リクエスト,200,OK,スレッドグループ 1-90,text,true,4418,91,91,8754
1453122847595,8753,HTTP リクエスト,200,OK,スレッドグループ 1-91,text,true,4418,91,91,8753
1453122847604,8745,HTTP リクエスト,200,OK,スレッドグループ 1-92,text,true,4418,91,91,8745
1453122847605,8744,HTTP リクエスト,200,OK,スレッドグループ 1-93,text,true,4418,91,91,8744
1453122847605,8744,HTTP リクエスト,200,OK,スレッドグループ 1-94,text,true,4418,91,91,8744
1453122847605,8745,HTTP リクエスト,200,OK,スレッドグループ 1-95,text,true,4418,91,91,8745
1453122848744,7607,HTTP リクエスト,200,OK,スレッドグループ 1-10,text,true,219,91,91,7607
1453122848848,7543,HTTP リクエスト,200,OK,スレッドグループ 1-14,text,true,4418,90,90,7541
1453122850125,6434,HTTP リクエスト,200,OK,スレッドグループ 1-20,text,true,77560,90,90,6433
1453122850137,6425,HTTP リクエスト,200,OK,スレッドグループ 1-21,text,true,77560,90,90,6422
1453122850172,8006,HTTP リクエスト,200,OK,スレッドグループ 1-29,text,true,219,90,90,8006
1453122850182,7997,HTTP リクエスト,200,OK,スレッドグループ 1-30,text,true,219,90,90,7997
1453122850182,7997,HTTP リクエスト,200,OK,スレッドグループ 1-31,text,true,219,90,90,7997
1453122850465,7787,HTTP リクエスト,200,OK,スレッドグループ 1-42,text,true,4418,90,90,7787
1453122850481,7773,HTTP リクエスト,200,OK,スレッドグループ 1-43,text,true,4418,90,90,7773
1453122850481,7773,HTTP リクエスト,200,OK,スレッドグループ 1-44,text,true,4418,90,90,7773
1453122850481,7773,HTTP リクエスト,200,OK,スレッドグループ 1-45,text,true,4418,90,90,7773
1453122850482,7772,HTTP リクエスト,200,OK,スレッドグループ 1-46,text,true,4418,90,90,7772
1453122852778,5776,HTTP リクエスト,200,OK,スレッドグループ 1-57,text,true,77560,90,90,5774
1453122852790,5765,HTTP リクエスト,200,OK,スレッドグループ 1-58,text,true,77560,90,90,5764
1453122852790,5768,HTTP リクエスト,200,OK,スレッドグループ 1-59,text,true,77560,90,90,5766
1453122852790,5769,HTTP リクエスト,200,OK,スレッドグループ 1-60,text,true,77560,90,90,5767
1453122852791,5771,HTTP リクエスト,200,OK,スレッドグループ 1-61,text,true,77560,90,90,5769
1453122852800,5763,HTTP リクエスト,200,OK,スレッドグループ 1-62,text,true,77560,90,90,5760
1453122852800,5764,HTTP リクエスト,200,OK,スレッドグループ 1-63,text,true,77560,90,90,5762
1453122852800,5768,HTTP リクエスト,200,OK,スレッドグループ 1-64,text,true,77560,90,90,5764
1453122852801,5771,HTTP リクエスト,200,OK,スレッドグループ 1-65,text,true,77560,90,90,5766
1453122852851,9136,HTTP リクエスト,200,OK,スレッドグループ 1-76,text,true,219,90,90,9136
1453122852863,9125,HTTP リクエスト,200,OK,スレッドグループ 1-77,text,true,219,90,90,9125
1453122852873,9115,HTTP リクエスト,200,OK,スレッドグループ 1-78,text,true,219,90,90,9115
1453122852873,9115,HTTP リクエスト,200,OK,スレッドグループ 1-79,text,true,219,90,90,9115
1453122852873,9116,HTTP リクエスト,200,OK,スレッドグループ 1-80,text,true,219,90,90,9116
1453122852874,9115,HTTP リクエスト,200,OK,スレッドグループ 1-81,text,true,219,90,90,9115
1453122852874,9115,HTTP リクエスト,200,OK,スレッドグループ 1-82,text,true,219,90,90,9115
1453122852874,9115,HTTP リクエスト,200,OK,スレッドグループ 1-83,text,true,219,90,90,9115
1453122852874,9116,HTTP リクエスト,200,OK,スレッドグループ 1-84,text,true,219,90,90,9116
1453122852874,9116,HTTP リクエスト,200,OK,スレッドグループ 1-85,text,true,219,90,90,9116
1453122853184,9003,HTTP リクエスト,200,OK,スレッドグループ 1-11,text,true,219,90,90,9003
1453122853184,9003,HTTP リクエスト,200,OK,スレッドグループ 1-12,text,true,219,90,90,9003
1453122853184,9003,HTTP リクエスト,200,OK,スレッドグループ 1-13,text,true,219,90,90,9003
1453122853225,8970,HTTP リクエスト,200,OK,スレッドグループ 1-15,text,true,4418,90,90,8969
1453122853242,8953,HTTP リクエスト,200,OK,スレッドグループ 1-16,text,true,4418,90,90,8953
1453122853242,8954,HTTP リクエスト,200,OK,スレッドグループ 1-17,text,true,4418,90,90,8954
1453122853242,8954,HTTP リクエスト,200,OK,スレッドグループ 1-19,text,true,4418,90,90,8954
1453122853242,8954,HTTP リクエスト,200,OK,スレッドグループ 1-18,text,true,4418,90,90,8954
1453122853741,8529,HTTP リクエスト,200,OK,スレッドグループ 1-22,text,true,77560,87,87,8529
1453122853754,8518,HTTP リクエスト,200,OK,スレッドグループ 1-23,text,true,77560,87,87,8517
1453122853754,8520,HTTP リクエスト,200,OK,スレッドグループ 1-24,text,true,77560,87,87,8519
1453122853764,8511,HTTP リクエスト,200,OK,スレッドグループ 1-25,text,true,77560,87,87,8510
1453122853764,8514,HTTP リクエスト,200,OK,スレッドグループ 1-26,text,true,77560,87,87,8512
1453122853764,8515,HTTP リクエスト,200,OK,スレッドグループ 1-28,text,true,77560,87,87,8513
1453122853764,8516,HTTP リクエスト,200,OK,スレッドグループ 1-27,text,true,77560,87,87,8513
1453122853782,9200,HTTP リクエスト,200,OK,スレッドグループ 1-32,text,true,219,87,87,9200
1453122853795,9187,HTTP リクエスト,200,OK,スレッドグループ 1-33,text,true,219,87,87,9187
1453122853795,9188,HTTP リクエスト,200,OK,スレッドグループ 1-34,text,true,219,87,87,9188
1453122853796,9187,HTTP リクエスト,200,OK,スレッドグループ 1-35,text,true,219,87,87,9187
1453122853796,9187,HTTP リクエスト,200,OK,スレッドグループ 1-36,text,true,219,87,87,9187
1453122853796,9187,HTTP リクエスト,200,OK,スレッドグループ 1-37,text,true,219,87,87,9187
1453122853797,9186,HTTP リクエスト,200,OK,スレッドグループ 1-38,text,true,219,87,87,9186
1453122853797,9186,HTTP リクエスト,200,OK,スレッドグループ 1-39,text,true,219,87,87,9186
1453122853797,9187,HTTP リクエスト,200,OK,スレッドグループ 1-40,text,true,219,87,87,9187
1453122853797,9188,HTTP リクエスト,200,OK,スレッドグループ 1-41,text,true,219,87,87,9188
1453122853956,9090,HTTP リクエスト,200,OK,スレッドグループ 1-47,text,true,4418,87,87,9090
1453122853969,9078,HTTP リクエスト,200,OK,スレッドグループ 1-48,text,true,4418,87,87,9078
1453122853969,9080,HTTP リクエスト,200,OK,スレッドグループ 1-49,text,true,4418,87,87,9080
1453122853969,9080,HTTP リクエスト,200,OK,スレッドグループ 1-50,text,true,4418,87,87,9080
1453122853969,9081,HTTP リクエスト,200,OK,スレッドグループ 1-51,text,true,4418,87,87,9081
1453122853981,9070,HTTP リクエスト,200,OK,スレッドグループ 1-52,text,true,4418,87,87,9070
1453122853991,9060,HTTP リクエスト,200,OK,スレッドグループ 1-53,text,true,4418,87,87,9060
1453122853991,9060,HTTP リクエスト,200,OK,スレッドグループ 1-54,text,true,4418,87,87,9060
1453122853992,9060,HTTP リクエスト,200,OK,スレッドグループ 1-55,text,true,4418,87,87,9060
1453122853992,9060,HTTP リクエスト,200,OK,スレッドグループ 1-56,text,true,4418,87,87,9060
1453122856270,7087,HTTP リクエスト,200,OK,スレッドグループ 1-66,text,true,77560,87,87,7086
1453122856284,7076,HTTP リクエスト,200,OK,スレッドグループ 1-67,text,true,77560,87,87,7073
1453122856284,7078,HTTP リクエスト,200,OK,スレッドグループ 1-68,text,true,77560,87,87,7077
1453122856284,7080,HTTP リクエスト,200,OK,スレッドグループ 1-69,text,true,77560,87,87,7079
1453122856284,7082,HTTP リクエスト,200,OK,スレッドグループ 1-70,text,true,77560,87,87,7080
1453122856299,7074,HTTP リクエスト,200,OK,スレッドグループ 1-71,text,true,77560,87,87,7069
1453122856301,7077,HTTP リクエスト,200,OK,スレッドグループ 1-72,text,true,77560,87,87,7075
1453122856304,7076,HTTP リクエスト,200,OK,スレッドグループ 1-73,text,true,77560,87,87,7074
1453122856305,7077,HTTP リクエスト,200,OK,スレッドグループ 1-74,text,true,77560,87,87,7075
1453122856305,7082,HTTP リクエスト,200,OK,スレッドグループ 1-75,text,true,77560,87,87,7078
1453122853152,12610,HTTP リクエスト,200,OK,スレッドグループ 1-96,text,true,4418,87,87,12610
1453122853167,12596,HTTP リクエスト,200,OK,スレッドグループ 1-97,text,true,4418,87,87,12596
1453122853167,12596,HTTP リクエスト,200,OK,スレッドグループ 1-98,text,true,4418,87,87,12596
1453122853167,12597,HTTP リクエスト,200,OK,スレッドグループ 1-99,text,true,4418,87,87,12596
1453122853167,12597,HTTP リクエスト,200,OK,スレッドグループ 1-100,text,true,4418,87,87,12597
1453122856405,9360,HTTP リクエスト,200,OK,スレッドグループ 1-14,text,true,219,87,87,9360
1453122856567,9245,HTTP リクエスト,200,OK,スレッドグループ 1-20,text,true,4418,86,86,9245
1453122856581,9233,HTTP リクエスト,200,OK,スレッドグループ 1-21,text,true,4418,86,86,9233
1453122858193,7838,HTTP リクエスト,200,OK,スレッドグループ 1-29,text,true,77560,86,86,7837
1453122858204,7828,HTTP リクエスト,200,OK,スレッドグループ 1-30,text,true,77560,86,86,7827
1453122858204,7831,HTTP リクエスト,200,OK,スレッドグループ 1-31,text,true,77560,86,86,7830
1453122858262,10187,HTTP リクエスト,200,OK,スレッドグループ 1-42,text,true,219,86,86,10187
1453122858273,10176,HTTP リクエスト,200,OK,スレッドグループ 1-43,text,true,219,86,86,10176
1453122858273,10176,HTTP リクエスト,200,OK,スレッドグループ 1-44,text,true,219,86,86,10176
1453122858274,10176,HTTP リクエスト,200,OK,スレッドグループ 1-45,text,true,219,86,86,10176
1453122858274,10176,HTTP リクエスト,200,OK,スレッドグループ 1-46,text,true,219,86,86,10176
1453122858566,9950,HTTP リクエスト,200,OK,スレッドグループ 1-57,text,true,4418,86,86,9950
1453122858582,9935,HTTP リクエスト,200,OK,スレッドグループ 1-58,text,true,4418,86,86,9935
1453122858583,9934,HTTP リクエスト,200,OK,スレッドグループ 1-59,text,true,4418,86,86,9934
1453122858584,9934,HTTP リクエスト,200,OK,スレッドグループ 1-60,text,true,4418,86,86,9934
1453122858584,9934,HTTP リクエスト,200,OK,スレッドグループ 1-61,text,true,4418,86,86,9934
1453122858584,9934,HTTP リクエスト,200,OK,スレッドグループ 1-62,text,true,4418,86,86,9934
1453122858584,9934,HTTP リクエスト,200,OK,スレッドグループ 1-63,text,true,4418,86,86,9934
1453122858584,9934,HTTP リクエスト,200,OK,スレッドグループ 1-64,text,true,4418,86,86,9934
1453122858594,9924,HTTP リクエスト,200,OK,スレッドグループ 1-65,text,true,4418,86,86,9924
1453122862001,6881,HTTP リクエスト,200,OK,スレッドグループ 1-76,text,true,77560,86,86,6880
1453122862014,6870,HTTP リクエスト,200,OK,スレッドグループ 1-77,text,true,77560,86,86,6869
1453122862014,6873,HTTP リクエスト,200,OK,スレッドグループ 1-78,text,true,77560,86,86,6870
1453122862015,6874,HTTP リクエスト,200,OK,スレッドグループ 1-79,text,true,77560,86,86,6872
1453122862015,6876,HTTP リクエスト,200,OK,スレッドグループ 1-80,text,true,77560,86,86,6872
1453122862015,6878,HTTP リクエスト,200,OK,スレッドグループ 1-81,text,true,77560,86,86,6876
1453122862015,6885,HTTP リクエスト,200,OK,スレッドグループ 1-82,text,true,77560,86,86,6880
1453122862015,6887,HTTP リクエスト,200,OK,スレッドグループ 1-83,text,true,77560,86,86,6881
1453122862015,6889,HTTP リクエスト,200,OK,スレッドグループ 1-84,text,true,77560,86,86,6887
1453122862015,6890,HTTP リクエスト,200,OK,スレッドグループ 1-85,text,true,77560,86,86,6887
1453122856358,12546,HTTP リクエスト,200,OK,スレッドグループ 1-86,text,true,219,86,86,12546
1453122856369,12536,HTTP リクエスト,200,OK,スレッドグループ 1-87,text,true,219,86,86,12536
1453122856369,12536,HTTP リクエスト,200,OK,スレッドグループ 1-88,text,true,219,86,86,12536
1453122856369,12536,HTTP リクエスト,200,OK,スレッドグループ 1-89,text,true,219,86,86,12536
1453122856370,12535,HTTP リクエスト,200,OK,スレッドグループ 1-90,text,true,219,86,86,12535
1453122856370,12536,HTTP リクエスト,200,OK,スレッドグループ 1-91,text,true,219,86,86,12536
1453122856385,12521,HTTP リクエスト,200,OK,スレッドグループ 1-92,text,true,219,86,86,12521
1453122856386,12520,HTTP リクエスト,200,OK,スレッドグループ 1-93,text,true,219,86,86,12520
1453122856386,12520,HTTP リクエスト,200,OK,スレッドグループ 1-94,text,true,219,86,86,12520
1453122856388,12519,HTTP リクエスト,200,OK,スレッドグループ 1-95,text,true,219,86,86,12519
1453122862222,6687,HTTP リクエスト,200,OK,スレッドグループ 1-15,text,true,219,86,86,6687
1453122862222,6687,HTTP リクエスト,200,OK,スレッドグループ 1-16,text,true,219,86,86,6687
1453122862222,6688,HTTP リクエスト,200,OK,スレッドグループ 1-17,text,true,219,86,86,6688
1453122862223,6687,HTTP リクエスト,200,OK,スレッドグループ 1-18,text,true,219,86,86,6687
1453122862223,6687,HTTP リクエスト,200,OK,スレッドグループ 1-19,text,true,219,86,86,6687
1453122862283,6645,HTTP リクエスト,200,OK,スレッドグループ 1-22,text,true,4418,86,86,6645
1453122862298,6631,HTTP リクエスト,200,OK,スレッドグループ 1-23,text,true,4418,86,86,6631
1453122862298,6632,HTTP リクエスト,200,OK,スレッドグループ 1-24,text,true,4418,86,86,6632
1453122862298,6632,HTTP リクエスト,200,OK,スレッドグループ 1-25,text,true,4418,86,86,6632
1453122862298,6632,HTTP リクエスト,200,OK,スレッドグループ 1-26,text,true,4418,86,86,6632
1453122862299,6632,HTTP リクエスト,200,OK,スレッドグループ 1-27,text,true,4418,86,86,6632
1453122862299,6632,HTTP リクエスト,200,OK,スレッドグループ 1-28,text,true,4418,86,86,6632
1453122862994,6053,HTTP リクエスト,200,OK,スレッドグループ 1-32,text,true,77560,81,81,6052
1453122863009,6040,HTTP リクエスト,200,OK,スレッドグループ 1-33,text,true,77560,81,81,6039
1453122863010,6041,HTTP リクエスト,200,OK,スレッドグループ 1-34,text,true,77560,81,81,6040
1453122863010,6043,HTTP リクエスト,200,OK,スレッドグループ 1-35,text,true,77560,81,81,6042
1453122863010,6045,HTTP リクエスト,200,OK,スレッドグループ 1-36,text,true,77560,81,81,6044
1453122863010,6050,HTTP リクエスト,200,OK,スレッドグループ 1-37,text,true,77560,81,81,6046
1453122863010,6053,HTTP リクエスト,200,OK,スレッドグループ 1-38,text,true,77560,81,81,6051
1453122863020,6046,HTTP リクエスト,200,OK,スレッドグループ 1-39,text,true,77560,81,81,6044
1453122863021,6047,HTTP リクエスト,200,OK,スレッドグループ 1-40,text,true,77560,81,81,6045
1453122863021,6049,HTTP リクエスト,200,OK,スレッドグループ 1-41,text,true,77560,81,81,6047
1453122863058,7169,HTTP リクエスト,200,OK,スレッドグループ 1-47,text,true,219,81,81,7169
1453122863073,7154,HTTP リクエスト,200,OK,スレッドグループ 1-48,text,true,219,81,81,7154
1453122863073,7155,HTTP リクエスト,200,OK,スレッドグループ 1-49,text,true,219,81,81,7155
1453122863083,7145,HTTP リクエスト,200,OK,スレッドグループ 1-50,text,true,219,81,81,7145
1453122863084,7144,HTTP リクエスト,200,OK,スレッドグループ 1-51,text,true,219,81,81,7144
1453122863084,7144,HTTP リクエスト,200,OK,スレッドグループ 1-52,text,true,219,81,81,7144
1453122863084,7144,HTTP リクエスト,200,OK,スレッドグループ 1-53,text,true,219,81,81,7144
1453122863084,7145,HTTP リクエスト,200,OK,スレッドグループ 1-54,text,true,219,81,81,7145
1453122863084,7145,HTTP リクエスト,200,OK,スレッドグループ 1-55,text,true,219,81,81,7145
1453122863084,7145,HTTP リクエスト,200,OK,スレッドグループ 1-56,text,true,219,81,81,7145
1453122863367,6935,HTTP リクエスト,200,OK,スレッドグループ 1-66,text,true,4418,81,81,6935
1453122863385,6917,HTTP リクエスト,200,OK,スレッドグループ 1-67,text,true,4418,81,81,6917
1453122863385,6917,HTTP リクエスト,200,OK,スレッドグループ 1-68,text,true,4418,81,81,6917
1453122863385,6917,HTTP リクエスト,200,OK,スレッドグループ 1-69,text,true,4418,81,81,6917
1453122863386,6916,HTTP リクエスト,200,OK,スレッドグループ 1-70,text,true,4418,81,81,6916
1453122863402,6901,HTTP リクエスト,200,OK,スレッドグループ 1-71,text,true,4418,81,81,6901
1453122863402,6902,HTTP リクエスト,200,OK,スレッドグループ 1-72,text,true,4418,81,81,6902
1453122863402,6902,HTTP リクエスト,200,OK,スレッドグループ 1-73,text,true,4418,81,81,6902
1453122863403,6902,HTTP リクエスト,200,OK,スレッドグループ 1-74,text,true,4418,81,81,6902
1453122863403,6902,HTTP リクエスト,200,OK,スレッドグループ 1-75,text,true,4418,81,81,6902
1453122865823,4565,HTTP リクエスト,200,OK,スレッドグループ 1-20,text,true,219,81,81,4565
1453122865833,4555,HTTP リクエスト,200,OK,スレッドグループ 1-21,text,true,219,81,81,4555
1453122866041,4403,HTTP リクエスト,200,OK,スレッドグループ 1-29,text,true,4418,79,79,4403
1453122866055,4390,HTTP リクエスト,200,OK,スレッドグループ 1-30,text,true,4418,79,79,4390
1453122866055,4390,HTTP リクエスト,200,OK,スレッドグループ 1-31,text,true,4418,79,79,4390
1453122868462,2255,HTTP リクエスト,200,OK,スレッドグループ 1-42,text,true,77560,79,79,2253
1453122868472,2248,HTTP リクエスト,200,OK,スレッドグループ 1-43,text,true,77560,79,79,2245
1453122868472,2250,HTTP リクエスト,200,OK,スレッドグループ 1-44,text,true,77560,79,79,2246
1453122868472,2251,HTTP リクエスト,200,OK,スレッドグループ 1-45,text,true,77560,79,79,2246
1453122868473,2251,HTTP リクエスト,200,OK,スレッドグループ 1-46,text,true,77560,79,79,2246
1453122868528,4761,HTTP リクエスト,200,OK,スレッドグループ 1-57,text,true,219,79,79,4761
1453122868543,4746,HTTP リクエスト,200,OK,スレッドグループ 1-58,text,true,219,79,79,4746
1453122868544,4745,HTTP リクエスト,200,OK,スレッドグループ 1-59,text,true,219,79,79,4745
1453122868544,4745,HTTP リクエスト,200,OK,スレッドグループ 1-60,text,true,219,79,79,4745
1453122868544,4745,HTTP リクエスト,200,OK,スレッドグループ 1-61,text,true,219,79,79,4745
1453122868544,4746,HTTP リクエスト,200,OK,スレッドグループ 1-62,text,true,219,79,79,4746
1453122868545,4745,HTTP リクエスト,200,OK,スレッドグループ 1-63,text,true,219,79,79,4745
1453122868545,4745,HTTP リクエスト,200,OK,スレッドグループ 1-64,text,true,219,79,79,4745
1453122868545,4745,HTTP リクエスト,200,OK,スレッドグループ 1-65,text,true,219,79,79,4745
1453122868895,4479,HTTP リクエスト,200,OK,スレッドグループ 1-76,text,true,4418,79,79,4479
1453122865775,10488,HTTP リクエスト,200,OK,スレッドグループ 1-96,text,true,219,79,79,10488
1453122865789,10474,HTTP リクエスト,200,OK,スレッドグループ 1-97,text,true,219,79,79,10474
1453122865789,10475,HTTP リクエスト,200,OK,スレッドグループ 1-98,text,true,219,79,79,10475
1453122865797,10467,HTTP リクエスト,200,OK,スレッドグループ 1-99,text,true,219,79,79,10467
1453122865798,10466,HTTP リクエスト,200,OK,スレッドグループ 1-100,text,true,219,79,79,10466
1453122868954,7314,HTTP リクエスト,200,OK,スレッドグループ 1-22,text,true,219,79,79,7314
1453122868955,7313,HTTP リクエスト,200,OK,スレッドグループ 1-23,text,true,219,79,79,7313
1453122868955,7313,HTTP リクエスト,200,OK,スレッドグループ 1-24,text,true,219,79,79,7313
1453122868955,7314,HTTP リクエスト,200,OK,スレッドグループ 1-25,text,true,219,79,79,7314
1453122868956,7313,HTTP リクエスト,200,OK,スレッドグループ 1-26,text,true,219,79,79,7313
1453122868956,7313,HTTP リクエスト,200,OK,スレッドグループ 1-27,text,true,219,79,79,7313
1453122868957,7313,HTTP リクエスト,200,OK,スレッドグループ 1-28,text,true,219,79,79,7313
1453122869060,7269,HTTP リクエスト,200,OK,スレッドグループ 1-32,text,true,4418,74,74,7269
1453122869094,7249,HTTP リクエスト,200,OK,スレッドグループ 1-38,text,true,4418,74,74,7249
1453122869073,7256,HTTP リクエスト,200,OK,スレッドグループ 1-33,text,true,4418,74,74,7256
1453122869073,7256,HTTP リクエスト,200,OK,スレッドグループ 1-35,text,true,4418,74,74,7256
1453122869073,7256,HTTP リクエスト,200,OK,スレッドグループ 1-34,text,true,4418,74,74,7256
1453122869073,7270,HTTP リクエスト,200,OK,スレッドグループ 1-36,text,true,4418,74,74,7270
1453122869085,7258,HTTP リクエスト,200,OK,スレッドグループ 1-37,text,true,4418,74,74,7258
1453122869094,7249,HTTP リクエスト,200,OK,スレッドグループ 1-40,text,true,4418,74,74,7249
1453122869094,7249,HTTP リクエスト,200,OK,スレッドグループ 1-39,text,true,4418,74,74,7249
1453122869094,7249,HTTP リクエスト,200,OK,スレッドグループ 1-41,text,true,4418,74,74,7249
1453122870239,6281,HTTP リクエスト,200,OK,スレッドグループ 1-47,text,true,77560,72,72,6279
1453122870254,6269,HTTP リクエスト,200,OK,スレッドグループ 1-48,text,true,77560,72,72,6267
1453122870254,6270,HTTP リクエスト,200,OK,スレッドグループ 1-49,text,true,77560,72,72,6267
1453122870254,6273,HTTP リクエスト,200,OK,スレッドグループ 1-50,text,true,77560,72,72,6267
1453122870254,6274,HTTP リクエスト,200,OK,スレッドグループ 1-51,text,true,77560,72,72,6273
1453122870254,6280,HTTP リクエスト,200,OK,スレッドグループ 1-52,text,true,77560,72,72,6275
1453122870262,6275,HTTP リクエスト,200,OK,スレッドグループ 1-53,text,true,77560,72,72,6269
1453122870263,6277,HTTP リクエスト,200,OK,スレッドグループ 1-54,text,true,77560,72,72,6275
1453122870263,6282,HTTP リクエスト,200,OK,スレッドグループ 1-55,text,true,77560,72,72,6276
1453122870263,6284,HTTP リクエスト,200,OK,スレッドグループ 1-56,text,true,77560,72,72,6282
1453122870313,8527,HTTP リクエスト,200,OK,スレッドグループ 1-66,text,true,219,72,72,8527
1453122870313,8527,HTTP リクエスト,200,OK,スレッドグループ 1-67,text,true,219,72,72,8527
1453122870325,8516,HTTP リクエスト,200,OK,スレッドグループ 1-68,text,true,219,72,72,8516
1453122870325,8516,HTTP リクエスト,200,OK,スレッドグループ 1-69,text,true,219,72,72,8516
1453122870325,8516,HTTP リクエスト,200,OK,スレッドグループ 1-70,text,true,219,72,72,8516
1453122870325,8516,HTTP リクエスト,200,OK,スレッドグループ 1-71,text,true,219,72,72,8516
1453122870338,8504,HTTP リクエスト,200,OK,スレッドグループ 1-72,text,true,219,72,72,8504
1453122870338,8504,HTTP リクエスト,200,OK,スレッドグループ 1-73,text,true,219,72,72,8504
1453122870338,8504,HTTP リクエスト,200,OK,スレッドグループ 1-74,text,true,219,72,72,8504
1453122870338,8504,HTTP リクエスト,200,OK,スレッドグループ 1-75,text,true,219,72,72,8504
1453122868915,9935,HTTP リクエスト,200,OK,スレッドグループ 1-77,text,true,4418,72,72,9935
1453122868916,9934,HTTP リクエスト,200,OK,スレッドグループ 1-78,text,true,4418,72,72,9934
1453122868916,9935,HTTP リクエスト,200,OK,スレッドグループ 1-79,text,true,4418,72,72,9935
1453122868916,9935,HTTP リクエスト,200,OK,スレッドグループ 1-80,text,true,4418,72,72,9935
1453122868917,9935,HTTP リクエスト,200,OK,スレッドグループ 1-81,text,true,4418,72,72,9935
1453122868932,9921,HTTP リクエスト,200,OK,スレッドグループ 1-83,text,true,4418,72,72,9921
1453122868917,9936,HTTP リクエスト,200,OK,スレッドグループ 1-82,text,true,4418,72,72,9936
1453122868932,9925,HTTP リクエスト,200,OK,スレッドグループ 1-84,text,true,4418,72,72,9925
1453122868932,9927,HTTP リクエスト,200,OK,スレッドグループ 1-85,text,true,4418,72,72,9927
1453122868933,9929,HTTP リクエスト,200,OK,スレッドグループ 1-86,text,true,77560,72,72,9927
1453122868933,9930,HTTP リクエスト,200,OK,スレッドグループ 1-87,text,true,77560,72,72,9927
1453122868941,9923,HTTP リクエスト,200,OK,スレッドグループ 1-88,text,true,77560,72,72,9920
1453122868941,9924,HTTP リクエスト,200,OK,スレッドグループ 1-89,text,true,77560,72,72,9923
1453122868941,9931,HTTP リクエスト,200,OK,スレッドグループ 1-90,text,true,77560,72,72,9925
1453122868941,9932,HTTP リクエスト,200,OK,スレッドグループ 1-91,text,true,77560,72,72,9925
1453122868941,9935,HTTP リクエスト,200,OK,スレッドグループ 1-92,text,true,77560,72,72,9927
1453122868942,9935,HTTP リクエスト,200,OK,スレッドグループ 1-94,text,true,77560,72,72,9926
1453122868941,9936,HTTP リクエスト,200,OK,スレッドグループ 1-93,text,true,77560,72,72,9928
1453122870452,8427,HTTP リクエスト,200,OK,スレッドグループ 1-29,text,true,219,72,72,8427
1453122870462,8417,HTTP リクエスト,200,OK,スレッドグループ 1-30,text,true,219,72,72,8417
1453122870462,8418,HTTP リクエスト,200,OK,スレッドグループ 1-31,text,true,219,72,72,8418
1453122868944,9936,HTTP リクエスト,200,OK,スレッドグループ 1-95,text,true,77560,72,72,9925
1453122870728,8244,HTTP リクエスト,200,OK,スレッドグループ 1-42,text,true,4418,69,69,8244
1453122870748,8225,HTTP リクエスト,200,OK,スレッドグループ 1-43,text,true,4418,69,69,8224
1453122870748,8225,HTTP リクエスト,200,OK,スレッドグループ 1-44,text,true,4418,69,69,8225
1453122870748,8225,HTTP リクエスト,200,OK,スレッドグループ 1-45,text,true,4418,69,69,8225
1453122870748,8226,HTTP リクエスト,200,OK,スレッドグループ 1-46,text,true,4418,69,69,8226
1453122873301,5984,HTTP リクエスト,200,OK,スレッドグループ 1-57,text,true,77560,69,69,5983
1453122873302,5985,HTTP リクエスト,200,OK,スレッドグループ 1-58,text,true,77560,69,69,5983
1453122873324,5965,HTTP リクエスト,200,OK,スレッドグループ 1-59,text,true,77560,69,69,5964
1453122873325,5966,HTTP リクエスト,200,OK,スレッドグループ 1-60,text,true,77560,69,69,5965
1453122873326,5967,HTTP リクエスト,200,OK,スレッドグループ 1-61,text,true,77560,69,69,5965
1453122873326,5968,HTTP リクエスト,200,OK,スレッドグループ 1-62,text,true,77560,69,69,5967
1453122873326,5976,HTTP リクエスト,200,OK,スレッドグループ 1-63,text,true,77560,69,69,5969
1453122873326,5979,HTTP リクエスト,200,OK,スレッドグループ 1-64,text,true,77560,69,69,5972
1453122873326,5981,HTTP リクエスト,200,OK,スレッドグループ 1-65,text,true,77560,69,69,5979
1453122873384,6189,HTTP リクエスト,200,OK,スレッドグループ 1-76,text,true,219,69,69,6189
1453122876369,4461,HTTP リクエスト,200,OK,スレッドグループ 1-32,text,true,219,69,69,4461
1453122876369,4461,HTTP リクエスト,200,OK,スレッドグループ 1-33,text,true,219,69,69,4461
1453122876371,4459,HTTP リクエスト,200,OK,スレッドグループ 1-34,text,true,219,69,69,4459
1453122876371,4459,HTTP リクエスト,200,OK,スレッドグループ 1-35,text,true,219,69,69,4459
1453122876371,4459,HTTP リクエスト,200,OK,スレッドグループ 1-36,text,true,219,69,69,4459
1453122876371,4460,HTTP リクエスト,200,OK,スレッドグループ 1-37,text,true,219,69,69,4460
1453122876369,4462,HTTP リクエスト,200,OK,スレッドグループ 1-38,text,true,219,69,69,4462
1453122876371,4460,HTTP リクエスト,200,OK,スレッドグループ 1-39,text,true,219,69,69,4460
1453122876371,4460,HTTP リクエスト,200,OK,スレッドグループ 1-40,text,true,219,69,69,4460
1453122876371,4460,HTTP リクエスト,200,OK,スレッドグループ 1-41,text,true,219,69,69,4460
1453122876533,4359,HTTP リクエスト,200,OK,スレッドグループ 1-47,text,true,4418,59,59,4359
1453122876549,4344,HTTP リクエスト,200,OK,スレッドグループ 1-48,text,true,4418,59,59,4344
1453122876549,4345,HTTP リクエスト,200,OK,スレッドグループ 1-49,text,true,4418,59,59,4345
1453122876549,4345,HTTP リクエスト,200,OK,スレッドグループ 1-50,text,true,4418,59,59,4345
1453122876550,4346,HTTP リクエスト,200,OK,スレッドグループ 1-51,text,true,4418,59,59,4346
1453122876550,4346,HTTP リクエスト,200,OK,スレッドグループ 1-52,text,true,4418,59,59,4346
1453122876561,4336,HTTP リクエスト,200,OK,スレッドグループ 1-53,text,true,4418,59,59,4336
1453122876561,4336,HTTP リクエスト,200,OK,スレッドグループ 1-54,text,true,4418,59,59,4336
1453122876570,4328,HTTP リクエスト,200,OK,スレッドグループ 1-55,text,true,4418,59,59,4328
1453122876570,4328,HTTP リクエスト,200,OK,スレッドグループ 1-56,text,true,4418,59,59,4328
1453122878854,2380,HTTP リクエスト,200,OK,スレッドグループ 1-66,text,true,77560,59,59,2378
1453122876281,7996,HTTP リクエスト,200,OK,スレッドグループ 1-96,text,true,77560,59,59,7995
1453122876300,7979,HTTP リクエスト,200,OK,スレッドグループ 1-97,text,true,77560,59,59,7978
1453122876301,7983,HTTP リクエスト,200,OK,スレッドグループ 1-98,text,true,77560,59,59,7979
1453122876300,7985,HTTP リクエスト,200,OK,スレッドグループ 1-99,text,true,77560,59,59,7982
1453122876300,7985,HTTP リクエスト,200,OK,スレッドグループ 1-100,text,true,77560,59,59,7982
1453122878981,5305,HTTP リクエスト,200,OK,スレッドグループ 1-42,text,true,219,59,59,5305
1453122878994,5292,HTTP リクエスト,200,OK,スレッドグループ 1-43,text,true,219,59,59,5292
1453122878994,5293,HTTP リクエスト,200,OK,スレッドグループ 1-44,text,true,219,59,59,5293
1453122879004,5283,HTTP リクエスト,200,OK,スレッドグループ 1-45,text,true,219,59,59,5283
1453122879004,5283,HTTP リクエスト,200,OK,スレッドグループ 1-46,text,true,219,59,59,5283
1453122879297,5068,HTTP リクエスト,200,OK,スレッドグループ 1-57,text,true,4418,54,54,5068
1453122879314,5053,HTTP リクエスト,200,OK,スレッドグループ 1-58,text,true,4418,54,54,5053
1453122879314,5053,HTTP リクエスト,200,OK,スレッドグループ 1-59,text,true,4418,54,54,5053
1453122879315,5053,HTTP リクエスト,200,OK,スレッドグループ 1-60,text,true,4418,54,54,5053
1453122879316,5052,HTTP リクエスト,200,OK,スレッドグループ 1-61,text,true,4418,54,54,5052
1453122879316,5052,HTTP リクエスト,200,OK,スレッドグループ 1-63,text,true,4418,54,54,5052
1453122879316,5052,HTTP リクエスト,200,OK,スレッドグループ 1-62,text,true,4418,54,54,5052
1453122879325,5043,HTTP リクエスト,200,OK,スレッドグループ 1-64,text,true,4418,54,54,5043
1453122879337,5031,HTTP リクエスト,200,OK,スレッドグループ 1-65,text,true,4418,54,54,5031
1453122878880,5545,HTTP リクエスト,200,OK,スレッドグループ 1-67,text,true,77560,54,54,5543
1453122878880,5548,HTTP リクエスト,200,OK,スレッドグループ 1-68,text,true,77560,54,54,5546
1453122878881,5548,HTTP リクエスト,200,OK,スレッドグループ 1-69,text,true,77560,54,54,5547
1453122878881,5551,HTTP リクエスト,200,OK,スレッドグループ 1-70,text,true,77560,54,54,5549
1453122878881,5553,HTTP リクエスト,200,OK,スレッドグループ 1-71,text,true,77560,54,54,5552
1453122878893,5544,HTTP リクエスト,200,OK,スレッドグループ 1-72,text,true,77560,54,54,5541
1453122878893,5546,HTTP リクエスト,200,OK,スレッドグループ 1-73,text,true,77560,54,54,5542
1453122878893,5549,HTTP リクエスト,200,OK,スレッドグループ 1-74,text,true,77560,54,54,5546
1453122878894,5550,HTTP リクエスト,200,OK,スレッドグループ 1-75,text,true,77560,54,54,5548
1453122878895,5551,HTTP リクエスト,200,OK,スレッドグループ 1-77,text,true,219,54,54,5551
1453122879582,4864,HTTP リクエスト,200,OK,スレッドグループ 1-76,text,true,77560,54,54,4862
1453122878895,5554,HTTP リクエスト,200,OK,スレッドグループ 1-78,text,true,219,54,54,5554
1453122878895,5555,HTTP リクエスト,200,OK,スレッドグループ 1-79,text,true,219,54,54,5555
1453122878895,5555,HTTP リクエスト,200,OK,スレッドグループ 1-80,text,true,219,54,54,5555
1453122878896,5554,HTTP リクエスト,200,OK,スレッドグループ 1-81,text,true,219,54,54,5554
1453122878897,5553,HTTP リクエスト,200,OK,スレッドグループ 1-82,text,true,219,54,54,5553
1453122878897,5553,HTTP リクエスト,200,OK,スレッドグループ 1-83,text,true,219,54,54,5553
1453122878898,5553,HTTP リクエスト,200,OK,スレッドグループ 1-84,text,true,219,54,54,5553
1453122878898,5553,HTTP リクエスト,200,OK,スレッドグループ 1-85,text,true,219,54,54,5553
1453122878898,5553,HTTP リクエスト,200,OK,スレッドグループ 1-86,text,true,4418,54,54,5553
1453122878898,5553,HTTP リクエスト,200,OK,スレッドグループ 1-87,text,true,4418,54,54,5553
1453122878898,5554,HTTP リクエスト,200,OK,スレッドグループ 1-88,text,true,4418,54,54,5554
1453122878899,5553,HTTP リクエスト,200,OK,スレッドグループ 1-89,text,true,4418,54,54,5553
1453122878906,5546,HTTP リクエスト,200,OK,スレッドグループ 1-90,text,true,4418,54,54,5546
1453122878906,5546,HTTP リクエスト,200,OK,スレッドグループ 1-91,text,true,4418,54,54,5546
1453122878907,5545,HTTP リクエスト,200,OK,スレッドグループ 1-92,text,true,4418,54,54,5545
1453122878907,5546,HTTP リクエスト,200,OK,スレッドグループ 1-93,text,true,4418,54,54,5546
1453122878907,5546,HTTP リクエスト,200,OK,スレッドグループ 1-94,text,true,4418,54,54,5546
1453122878909,5544,HTTP リクエスト,200,OK,スレッドグループ 1-95,text,true,4418,54,54,5544
1453122880922,3538,HTTP リクエスト,200,OK,スレッドグループ 1-48,text,true,219,54,54,3538
1453122880905,3555,HTTP リクエスト,200,OK,スレッドグループ 1-47,text,true,219,54,54,3555
1453122880931,3529,HTTP リクエスト,200,OK,スレッドグループ 1-49,text,true,219,54,54,3529
1453122880931,3529,HTTP リクエスト,200,OK,スレッドグループ 1-50,text,true,219,54,54,3529
1453122880931,3530,HTTP リクエスト,200,OK,スレッドグループ 1-51,text,true,219,54,54,3530
1453122880932,3529,HTTP リクエスト,200,OK,スレッドグループ 1-53,text,true,219,54,54,3529
1453122880932,3529,HTTP リクエスト,200,OK,スレッドグループ 1-54,text,true,219,54,54,3529
1453122880931,3531,HTTP リクエスト,200,OK,スレッドグループ 1-52,text,true,219,54,54,3531
1453122880932,3530,HTTP リクエスト,200,OK,スレッドグループ 1-56,text,true,219,54,54,3530
1453122880932,3530,HTTP リクエスト,200,OK,スレッドグループ 1-55,text,true,219,54,54,3530
1453122881243,3297,HTTP リクエスト,200,OK,スレッドグループ 1-66,text,true,4418,44,44,3297
1453122884382,490,HTTP リクエスト,200,OK,スレッドグループ 1-57,text,true,219,44,44,490
1453122884399,473,HTTP リクエスト,200,OK,スレッドグループ 1-58,text,true,219,44,44,473
1453122884398,474,HTTP リクエスト,200,OK,スレッドグループ 1-59,text,true,219,44,44,474
1453122884399,473,HTTP リクエスト,200,OK,スレッドグループ 1-60,text,true,219,44,44,473
1453122884399,473,HTTP リクエスト,200,OK,スレッドグループ 1-61,text,true,219,44,44,473
1453122884399,473,HTTP リクエスト,200,OK,スレッドグループ 1-62,text,true,219,44,44,473
1453122884399,474,HTTP リクエスト,200,OK,スレッドグループ 1-63,text,true,219,44,44,474
1453122884400,473,HTTP リクエスト,200,OK,スレッドグループ 1-64,text,true,219,44,44,473
1453122884400,473,HTTP リクエスト,200,OK,スレッドグループ 1-65,text,true,219,44,44,473
1453122884438,445,HTTP リクエスト,200,OK,スレッドグループ 1-67,text,true,4418,44,44,444
1453122884457,427,HTTP リクエスト,200,OK,スレッドグループ 1-68,text,true,4418,43,43,427
1453122884459,425,HTTP リクエスト,200,OK,スレッドグループ 1-69,text,true,4418,43,43,425
1453122884459,425,HTTP リクエスト,200,OK,スレッドグループ 1-70,text,true,4418,43,43,425
1453122884459,429,HTTP リクエスト,200,OK,スレッドグループ 1-71,text,true,4418,43,43,428
1453122884460,428,HTTP リクエスト,200,OK,スレッドグループ 1-73,text,true,4418,43,43,428
1453122884460,428,HTTP リクエスト,200,OK,スレッドグループ 1-72,text,true,4418,43,43,428
1453122884291,3264,HTTP リクエスト,200,OK,スレッドグループ 1-96,text,true,4418,35,35,3264
1453122884315,3241,HTTP リクエスト,200,OK,スレッドグループ 1-97,text,true,4418,35,35,3241
1453122884316,3241,HTTP リクエスト,200,OK,スレッドグループ 1-98,text,true,4418,35,35,3241
1453122884316,3242,HTTP リクエスト,200,OK,スレッドグループ 1-99,text,true,4418,35,35,3242
1453122884316,3244,HTTP リクエスト,200,OK,スレッドグループ 1-100,text,true,4418,35,35,3244
1453122884549,3049,HTTP リクエスト,200,OK,スレッドグループ 1-66,text,true,219,35,35,3049
1453122884478,3224,HTTP リクエスト,200,OK,スレッドグループ 1-74,text,true,4418,34,34,3224
1453122884478,3225,HTTP リクエスト,200,OK,スレッドグループ 1-75,text,true,4418,34,34,3225
1453122884489,3214,HTTP リクエスト,200,OK,スレッドグループ 1-76,text,true,4418,34,34,3214
1453122884489,3220,HTTP リクエスト,200,OK,スレッドグループ 1-77,text,true,77560,34,34,3215
1453122884490,3222,HTTP リクエスト,200,OK,スレッドグループ 1-78,text,true,77560,34,34,3220
1453122884490,3232,HTTP リクエスト,200,OK,スレッドグループ 1-79,text,true,77560,34,34,3226
1453122884490,3246,HTTP リクエスト,200,OK,スレッドグループ 1-80,text,true,77560,34,34,3238
1453122884490,3252,HTTP リクエスト,200,OK,スレッドグループ 1-81,text,true,77560,34,34,3247
1453122884490,3268,HTTP リクエスト,200,OK,スレッドグループ 1-82,text,true,77560,34,34,3262
1453122884490,3280,HTTP リクエスト,200,OK,スレッドグループ 1-83,text,true,77560,34,34,3269
1453122884492,3351,HTTP リクエスト,200,OK,スレッドグループ 1-95,text,true,219,34,34,3351
1453122884491,3352,HTTP リクエスト,200,OK,スレッドグループ 1-93,text,true,219,34,34,3352
1453122884492,3351,HTTP リクエスト,200,OK,スレッドグループ 1-94,text,true,219,34,34,3351
1453122884491,3352,HTTP リクエスト,200,OK,スレッドグループ 1-92,text,true,219,34,34,3352
1453122884491,3352,HTTP リクエスト,200,OK,スレッドグループ 1-91,text,true,219,34,34,3352
1453122884491,3352,HTTP リクエスト,200,OK,スレッドグループ 1-89,text,true,219,34,34,3352
1453122884491,3352,HTTP リクエスト,200,OK,スレッドグループ 1-90,text,true,219,34,34,3352
1453122884491,3352,HTTP リクエスト,200,OK,スレッドグループ 1-87,text,true,219,34,34,3352
1453122884491,3352,HTTP リクエスト,200,OK,スレッドグループ 1-88,text,true,219,34,34,3352
1453122884490,3353,HTTP リクエスト,200,OK,スレッドグループ 1-84,text,true,77560,34,34,3353
1453122884491,3353,HTTP リクエスト,200,OK,スレッドグループ 1-86,text,true,219,34,34,3353
1453122884491,3353,HTTP リクエスト,200,OK,スレッドグループ 1-85,text,true,77560,34,34,3353
1453122884920,2963,HTTP リクエスト,200,OK,スレッドグループ 1-67,text,true,219,34,34,2963
1453122884921,2963,HTTP リクエスト,200,OK,スレッドグループ 1-68,text,true,219,34,34,2963
1453122884921,2963,HTTP リクエスト,200,OK,スレッドグループ 1-69,text,true,219,34,34,2963
1453122884921,2963,HTTP リクエスト,200,OK,スレッドグループ 1-70,text,true,219,34,34,2963
1453122884935,2949,HTTP リクエスト,200,OK,スレッドグループ 1-71,text,true,219,34,34,2949
1453122884936,2948,HTTP リクエスト,200,OK,スレッドグループ 1-72,text,true,219,34,34,2948
1453122884936,2949,HTTP リクエスト,200,OK,スレッドグループ 1-73,text,true,219,34,34,2949
1453122887592,3779,HTTP リクエスト,200,OK,スレッドグループ 1-96,text,true,219,27,27,3779
1453122887592,3779,HTTP リクエスト,200,OK,スレッドグループ 1-97,text,true,219,27,27,3779
1453122887716,3743,HTTP リクエスト,200,OK,スレッドグループ 1-74,text,true,219,27,27,3743
1453122887728,3733,HTTP リクエスト,200,OK,スレッドグループ 1-75,text,true,219,27,27,3733
1453122887728,3742,HTTP リクエスト,200,OK,スレッドグループ 1-76,text,true,219,27,27,3742
1453122887741,3741,HTTP リクエスト,200,OK,スレッドグループ 1-77,text,true,4418,27,27,3741
1453122887741,3744,HTTP リクエスト,200,OK,スレッドグループ 1-78,text,true,4418,26,26,3744
1453122887741,3744,HTTP リクエスト,200,OK,スレッドグループ 1-79,text,true,4418,26,26,3744
1453122887761,3727,HTTP リクエスト,200,OK,スレッドグループ 1-80,text,true,4418,26,26,3727
1453122887761,3728,HTTP リクエスト,200,OK,スレッドグループ 1-81,text,true,4418,26,26,3728
1453122887847,3643,HTTP リクエスト,200,OK,スレッドグループ 1-82,text,true,4418,26,26,3642
1453122887873,3617,HTTP リクエスト,200,OK,スレッドグループ 1-83,text,true,4418,26,26,3617
1453122887878,3612,HTTP リクエスト,200,OK,スレッドグループ 1-84,text,true,4418,26,26,3612
1453122887878,3613,HTTP リクエスト,200,OK,スレッドグループ 1-85,text,true,4418,26,26,3613
1453122887878,3616,HTTP リクエスト,200,OK,スレッドグループ 1-86,text,true,77560,26,26,3613
1453122887878,3620,HTTP リクエスト,200,OK,スレッドグループ 1-87,text,true,77560,26,26,3618
1453122887878,3623,HTTP リクエスト,200,OK,スレッドグループ 1-88,text,true,77560,26,26,3621
1453122887877,3630,HTTP リクエスト,200,OK,スレッドグループ 1-89,text,true,77560,26,26,3625
1453122887877,3636,HTTP リクエスト,200,OK,スレッドグループ 1-90,text,true,77560,24,24,3631
1453122887877,3641,HTTP リクエスト,200,OK,スレッドグループ 1-91,text,true,77560,24,24,3637
1453122887877,3650,HTTP リクエスト,200,OK,スレッドグループ 1-92,text,true,77560,24,24,3644
1453122887874,3661,HTTP リクエスト,200,OK,スレッドグループ 1-93,text,true,77560,24,24,3655
1453122887876,3663,HTTP リクエスト,200,OK,スレッドグループ 1-94,text,true,77560,24,24,3661
1453122887874,3667,HTTP リクエスト,200,OK,スレッドグループ 1-95,text,true,77560,24,24,3666
1453122887603,4508,HTTP リクエスト,200,OK,スレッドグループ 1-98,text,true,219,24,24,4508
1453122887604,4507,HTTP リクエスト,200,OK,スレッドグループ 1-99,text,true,219,24,24,4507
1453122887604,4507,HTTP リクエスト,200,OK,スレッドグループ 1-100,text,true,219,24,24,4507
1453122891400,1082,HTTP リクエスト,200,OK,スレッドグループ 1-96,text,true,77560,24,24,1080
1453122891401,1082,HTTP リクエスト,200,OK,スレッドグループ 1-97,text,true,77560,24,24,1081
1453122891509,976,HTTP リクエスト,200,OK,スレッドグループ 1-77,text,true,219,24,24,976
1453122891511,974,HTTP リクエスト,200,OK,スレッドグループ 1-78,text,true,219,24,24,974
1453122891511,974,HTTP リクエスト,200,OK,スレッドグループ 1-79,text,true,219,24,24,974
1453122891527,959,HTTP リクエスト,200,OK,スレッドグループ 1-80,text,true,219,24,24,959
1453122891529,957,HTTP リクエスト,200,OK,スレッドグループ 1-81,text,true,219,24,24,957
1453122891529,957,HTTP リクエスト,200,OK,スレッドグループ 1-82,text,true,219,24,24,957
1453122891529,957,HTTP リクエスト,200,OK,スレッドグループ 1-83,text,true,219,24,24,957
1453122891529,957,HTTP リクエスト,200,OK,スレッドグループ 1-84,text,true,219,24,24,957
1453122891530,957,HTTP リクエスト,200,OK,スレッドグループ 1-85,text,true,219,24,24,957
1453122891545,942,HTTP リクエスト,200,OK,スレッドグループ 1-86,text,true,4418,24,24,942
1453122891545,942,HTTP リクエスト,200,OK,スレッドグループ 1-87,text,true,4418,24,24,942
1453122891546,941,HTTP リクエスト,200,OK,スレッドグループ 1-88,text,true,4418,24,24,941
1453122891547,941,HTTP リクエスト,200,OK,スレッドグループ 1-89,text,true,4418,24,24,941
1453122891547,941,HTTP リクエスト,200,OK,スレッドグループ 1-90,text,true,4418,24,24,941
1453122891547,941,HTTP リクエスト,200,OK,スレッドグループ 1-91,text,true,4418,24,24,941
1453122891563,925,HTTP リクエスト,200,OK,スレッドグループ 1-92,text,true,4418,24,24,925
1453122891579,910,HTTP リクエスト,200,OK,スレッドグループ 1-93,text,true,4418,24,24,910
1453122891579,910,HTTP リクエスト,200,OK,スレッドグループ 1-94,text,true,4418,24,24,910
1453122891580,910,HTTP リクエスト,200,OK,スレッドグループ 1-95,text,true,4418,24,24,910
1453122892123,1304,HTTP リクエスト,200,OK,スレッドグループ 1-98,text,true,77560,15,15,1303
1453122892132,1299,HTTP リクエスト,200,OK,スレッドグループ 1-99,text,true,77560,15,15,1296
1453122892133,1301,HTTP リクエスト,200,OK,スレッドグループ 1-100,text,true,77560,15,15,1295
1453122892510,924,HTTP リクエスト,200,OK,スレッドグループ 1-86,text,true,219,15,15,924
1453122892511,923,HTTP リクエスト,200,OK,スレッドグループ 1-87,text,true,219,15,15,923
1453122892511,923,HTTP リクエスト,200,OK,スレッドグループ 1-88,text,true,219,15,15,923
1453122892511,923,HTTP リクエスト,200,OK,スレッドグループ 1-90,text,true,219,15,15,923
1453122892511,923,HTTP リクエスト,200,OK,スレッドグループ 1-89,text,true,219,15,15,923
1453122892511,925,HTTP リクエスト,200,OK,スレッドグループ 1-91,text,true,219,15,15,925
1453122892512,925,HTTP リクエスト,200,OK,スレッドグループ 1-92,text,true,219,15,15,925
1453122892512,925,HTTP リクエスト,200,OK,スレッドグループ 1-93,text,true,219,15,15,925
1453122892512,925,HTTP リクエスト,200,OK,スレッドグループ 1-94,text,true,219,15,15,925
1453122892520,918,HTTP リクエスト,200,OK,スレッドグループ 1-95,text,true,219,15,15,918
1453122892496,942,HTTP リクエスト,200,OK,スレッドグループ 1-96,text,true,4418,15,15,942
1453122892508,930,HTTP リクエスト,200,OK,スレッドグループ 1-97,text,true,4418,15,15,930
1453122893440,90,HTTP リクエスト,200,OK,スレッドグループ 1-98,text,true,4418,5,5,90
1453122893479,269,HTTP リクエスト,200,OK,スレッドグループ 1-96,text,true,219,5,5,269
1453122893479,270,HTTP リクエスト,200,OK,スレッドグループ 1-97,text,true,219,5,5,270
1453122893459,298,HTTP リクエスト,200,OK,スレッドグループ 1-99,text,true,4418,5,5,298
1453122893460,297,HTTP リクエスト,200,OK,スレッドグループ 1-100,text,true,4418,5,5,297
1453122893544,213,HTTP リクエスト,200,OK,スレッドグループ 1-98,text,true,219,5,5,213
1453122893787,22,HTTP リクエスト,200,OK,スレッドグループ 1-99,text,true,219,2,2,22
1453122893787,22,HTTP リクエスト,200,OK,スレッドグループ 1-100,text,true,219,2,2,22
