1453122983597,322,HTTP リクエスト,200,OK,スレッドグループ 1-1,text,true,77560,2,2,320
1453122983899,347,HTTP リクエスト,200,OK,スレッドグループ 1-2,text,true,77560,3,3,339
1453122983927,320,HTTP リクエスト,200,OK,スレッドグループ 1-1,text,true,4418,3,3,320
1453122984264,327,HTTP リクエスト,200,OK,スレッドグループ 1-1,text,true,219,4,4,327
1453122984205,386,HTTP リクエスト,200,OK,スレッドグループ 1-3,text,true,77560,4,4,384
1453122984258,334,HTTP リクエスト,200,OK,スレッドグループ 1-2,text,true,4418,4,4,334
1453122984497,826,HTTP リクエスト,200,OK,スレッドグループ 1-4,text,true,77560,6,6,825
1453122984599,727,HTTP リクエスト,200,OK,スレッドグループ 1-1,text,true,77560,6,6,725
1453122984606,721,HTTP リクエスト,200,OK,スレッドグループ 1-2,text,true,219,6,6,721
1453122984599,730,HTTP リクエスト,200,OK,スレッドグループ 1-3,text,true,4418,6,6,729
1453122984794,1098,HTTP リクエスト,200,OK,スレッドグループ 1-5,text,true,77560,8,8,1096
1453122985348,801,HTTP リクエスト,200,OK,スレッドグループ 1-1,text,true,4418,9,9,801
1453122985348,804,HTTP リクエスト,200,OK,スレッドグループ 1-2,text,true,77560,9,9,802
1453122985348,805,HTTP リクエスト,200,OK,スレッドグループ 1-3,text,true,219,9,9,805
1453122985330,823,HTTP リクエスト,200,OK,スレッドグループ 1-4,text,true,4418,9,9,823
1453122985100,1105,HTTP リクエスト,200,OK,スレッドグループ 1-6,text,true,77560,9,9,1103
1453122985898,839,HTTP リクエスト,200,OK,スレッドグループ 1-5,text,true,4418,11,11,839
1453122985399,1382,HTTP リクエスト,200,OK,スレッドグループ 1-7,text,true,77560,11,11,1380
1453122986157,1108,HTTP リクエスト,200,OK,スレッドグループ 1-1,text,true,219,13,13,1108
1453122986165,1100,HTTP リクエスト,200,OK,スレッドグループ 1-2,text,true,4418,13,13,1100
1453122986165,1101,HTTP リクエスト,200,OK,スレッドグループ 1-4,text,true,219,13,13,1101
1453122986165,1103,HTTP リクエスト,200,OK,スレッドグループ 1-3,text,true,77560,13,13,1101
1453122986211,1068,HTTP リクエスト,200,OK,スレッドグループ 1-6,text,true,4418,13,13,1068
1453122985697,1641,HTTP リクエスト,200,OK,スレッドグループ 1-8,text,true,77560,13,13,1640
1453122985996,1346,HTTP リクエスト,200,OK,スレッドグループ 1-9,text,true,77560,13,13,1343
1453122986743,1346,HTTP リクエスト,200,OK,スレッドグループ 1-5,text,true,219,15,15,1346
1453122986787,1314,HTTP リクエスト,200,OK,スレッドグループ 1-7,text,true,4418,16,16,1314
1453122986300,1877,HTTP リクエスト,200,OK,スレッドグループ 1-10,text,true,77560,16,16,1876
1453122987276,1637,HTTP リクエスト,200,OK,スレッドグループ 1-1,text,true,77560,18,18,1636
1453122987286,1627,HTTP リクエスト,200,OK,スレッドグループ 1-2,text,true,219,18,18,1627
1453122987287,1626,HTTP リクエスト,200,OK,スレッドグループ 1-3,text,true,4418,18,18,1626
1453122987287,1628,HTTP リクエスト,200,OK,スレッドグループ 1-4,text,true,77560,18,18,1627
1453122987304,1879,HTTP リクエスト,200,OK,スレッドグループ 1-6,text,true,219,19,19,1879
1453122987348,1845,HTTP リクエスト,200,OK,スレッドグループ 1-8,text,true,4418,19,19,1845
1453122987362,1831,HTTP リクエスト,200,OK,スレッドグループ 1-9,text,true,4418,19,19,1831
1453122986600,2644,HTTP リクエスト,200,OK,スレッドグループ 1-11,text,true,77560,19,19,2643
1453122986901,2346,HTTP リクエスト,200,OK,スレッドグループ 1-12,text,true,77560,19,19,2344
1453122987201,2051,HTTP リクエスト,200,OK,スレッドグループ 1-13,text,true,77560,19,19,2047
1453122988097,1778,HTTP リクエスト,200,OK,スレッドグループ 1-5,text,true,77560,21,21,1776
1453122988113,2035,HTTP リクエスト,200,OK,スレッドグループ 1-7,text,true,219,22,22,2035
1453122988197,1973,HTTP リクエスト,200,OK,スレッドグループ 1-10,text,true,4418,22,22,1973
1453122987499,2781,HTTP リクエスト,200,OK,スレッドグループ 1-14,text,true,77560,23,23,2780
1453122988923,2323,HTTP リクエスト,200,OK,スレッドグループ 1-1,text,true,4418,26,26,2323
1453122988932,2316,HTTP リクエスト,200,OK,スレッドグループ 1-2,text,true,77560,26,26,2314
1453122988932,2316,HTTP リクエスト,200,OK,スレッドグループ 1-3,text,true,219,26,26,2316
1453122988943,2305,HTTP リクエスト,200,OK,スレッドグループ 1-4,text,true,4418,26,26,2305
1453122989199,2099,HTTP リクエスト,200,OK,スレッドグループ 1-6,text,true,77560,26,26,2099
1453122989210,2336,HTTP リクエスト,200,OK,スレッドグループ 1-8,text,true,219,27,27,2336
1453122989210,2336,HTTP リクエスト,200,OK,スレッドグループ 1-9,text,true,219,27,27,2336
1453122989271,2280,HTTP リクエスト,200,OK,スレッドグループ 1-12,text,true,4418,27,27,2280
1453122989256,2295,HTTP リクエスト,200,OK,スレッドグループ 1-11,text,true,4418,27,27,2295
1453122989271,2281,HTTP リクエスト,200,OK,スレッドグループ 1-13,text,true,4418,27,27,2281
1453122987803,3804,HTTP リクエスト,200,OK,スレッドグループ 1-15,text,true,77560,27,27,3802
1453122988101,3508,HTTP リクエスト,200,OK,スレッドグループ 1-16,text,true,77560,27,27,3507
1453122988404,3207,HTTP リクエスト,200,OK,スレッドグループ 1-17,text,true,77560,27,27,3206
1453122988699,2914,HTTP リクエスト,200,OK,スレッドグループ 1-18,text,true,77560,27,27,2912
1453122989884,2498,HTTP リクエスト,200,OK,スレッドグループ 1-5,text,true,4418,30,30,2498
1453122990157,2268,HTTP リクエスト,200,OK,スレッドグループ 1-7,text,true,77560,30,30,2267
1453122990180,2713,HTTP リクエスト,200,OK,スレッドグループ 1-10,text,true,219,31,31,2713
1453122990291,2644,HTTP リクエスト,200,OK,スレッドグループ 1-14,text,true,4418,32,32,2644
1453122989002,4083,HTTP リクエスト,200,OK,スレッドグループ 1-19,text,true,77560,32,32,4082
1453122989311,3776,HTTP リクエスト,200,OK,スレッドグループ 1-20,text,true,77560,32,32,3775
1453122991254,3314,HTTP リクエスト,200,OK,スレッドグループ 1-1,text,true,219,37,37,3314
1453122991269,3299,HTTP リクエスト,200,OK,スレッドグループ 1-2,text,true,4418,37,37,3299
1453122991269,3301,HTTP リクエスト,200,OK,スレッドグループ 1-3,text,true,77560,37,37,3300
1453122991269,3301,HTTP リクエスト,200,OK,スレッドグループ 1-4,text,true,219,37,37,3301
1453122991307,3277,HTTP リクエスト,200,OK,スレッドグループ 1-6,text,true,4418,36,36,3277
1453122991555,3089,HTTP リクエスト,200,OK,スレッドグループ 1-8,text,true,77560,36,36,3087
1453122991572,3074,HTTP リクエスト,200,OK,スレッドグループ 1-9,text,true,77560,36,36,3072
1453122991582,3342,HTTP リクエスト,200,OK,スレッドグループ 1-11,text,true,219,37,37,3342
1453122991572,3352,HTTP リクエスト,200,OK,スレッドグループ 1-12,text,true,219,37,37,3352
1453122991582,3342,HTTP リクエスト,200,OK,スレッドグループ 1-13,text,true,219,37,37,3342
1453122991618,3313,HTTP リクエスト,200,OK,スレッドグループ 1-15,text,true,4418,37,37,3313
1453122991632,3299,HTTP リクエスト,200,OK,スレッドグループ 1-18,text,true,4418,37,37,3299
1453122991632,3299,HTTP リクエスト,200,OK,スレッドグループ 1-17,text,true,4418,37,37,3299
1453122991631,3300,HTTP リクエスト,200,OK,スレッドグループ 1-16,text,true,4418,37,37,3300
1453122989603,5421,HTTP リクエスト,200,OK,スレッドグループ 1-21,text,true,77560,38,38,5420
1453122989907,5121,HTTP リクエスト,200,OK,スレッドグループ 1-22,text,true,77560,38,38,5118
1453122990206,4823,HTTP リクエスト,200,OK,スレッドグループ 1-23,text,true,77560,38,38,4820
1453122990506,4526,HTTP リクエスト,200,OK,スレッドグループ 1-24,text,true,77560,38,38,4524
1453122990808,4228,HTTP リクエスト,200,OK,スレッドグループ 1-25,text,true,77560,38,38,4224
1453122991108,3930,HTTP リクエスト,200,OK,スレッドグループ 1-26,text,true,77560,38,38,3925
1453122992391,3657,HTTP リクエスト,200,OK,スレッドグループ 1-5,text,true,219,41,41,3657
1453122992434,3620,HTTP リクエスト,200,OK,スレッドグループ 1-7,text,true,4418,41,41,3620
1453122992914,3226,HTTP リクエスト,200,OK,スレッドグループ 1-10,text,true,77560,41,41,3224
1453122992948,3968,HTTP リクエスト,200,OK,スレッドグループ 1-14,text,true,219,44,44,3968
1453122993097,3849,HTTP リクエスト,200,OK,スレッドグループ 1-19,text,true,4418,44,44,3849
1453122993112,3835,HTTP リクエスト,200,OK,スレッドグループ 1-20,text,true,4418,44,44,3835
1453122991407,5756,HTTP リクエスト,200,OK,スレッドグループ 1-27,text,true,77560,45,45,5754
1453122991707,5457,HTTP リクエスト,200,OK,スレッドグループ 1-28,text,true,77560,45,45,5455
1453122992009,5157,HTTP リクエスト,200,OK,スレッドグループ 1-29,text,true,77560,45,45,5156
1453122994583,4666,HTTP リクエスト,200,OK,スレッドグループ 1-2,text,true,219,52,52,4666
1453122994602,4648,HTTP リクエスト,200,OK,スレッドグループ 1-3,text,true,4418,52,52,4648
1453122994602,4649,HTTP リクエスト,200,OK,スレッドグループ 1-4,text,true,77560,52,52,4648
1453122994614,4901,HTTP リクエスト,200,OK,スレッドグループ 1-6,text,true,219,52,52,4901
1453122994655,4867,HTTP リクエスト,200,OK,スレッドグループ 1-8,text,true,4418,52,52,4866
1453122994673,4849,HTTP リクエスト,200,OK,スレッドグループ 1-9,text,true,4418,52,52,4849
1453122994938,4637,HTTP リクエスト,200,OK,スレッドグループ 1-11,text,true,77560,52,52,4636
1453122994946,4636,HTTP リクエスト,200,OK,スレッドグループ 1-12,text,true,77560,52,52,4631
1453122994947,4636,HTTP リクエスト,200,OK,スレッドグループ 1-13,text,true,77560,52,52,4630
1453122994947,4903,HTTP リクエスト,200,OK,スレッドグループ 1-15,text,true,219,53,53,4903
1453122994948,4902,HTTP リクエスト,200,OK,スレッドグループ 1-16,text,true,219,53,53,4902
1453122994947,4903,HTTP リクエスト,200,OK,スレッドグループ 1-17,text,true,219,53,53,4903
1453122994947,4903,HTTP リクエスト,200,OK,スレッドグループ 1-18,text,true,219,53,53,4903
1453122995036,4831,HTTP リクエスト,200,OK,スレッドグループ 1-21,text,true,4418,53,53,4831
1453122995053,4815,HTTP リクエスト,200,OK,スレッドグループ 1-23,text,true,4418,53,53,4815
1453122995052,4815,HTTP リクエスト,200,OK,スレッドグループ 1-22,text,true,4418,53,53,4815
1453122995062,4806,HTTP リクエスト,200,OK,スレッドグループ 1-24,text,true,4418,53,53,4806
1453122995062,4806,HTTP リクエスト,200,OK,スレッドグループ 1-25,text,true,4418,53,53,4806
1453122995072,4796,HTTP リクエスト,200,OK,スレッドグループ 1-26,text,true,4418,53,53,4796
1453122992309,7680,HTTP リクエスト,200,OK,スレッドグループ 1-30,text,true,77560,53,53,7679
1453122992609,7383,HTTP リクエスト,200,OK,スレッドグループ 1-31,text,true,77560,53,53,7381
1453122992912,7083,HTTP リクエスト,200,OK,スレッドグループ 1-32,text,true,77560,53,53,7080
1453122993210,6796,HTTP リクエスト,200,OK,スレッドグループ 1-33,text,true,77560,53,53,6786
1453122993507,6504,HTTP リクエスト,200,OK,スレッドグループ 1-34,text,true,77560,53,53,6489
1453122993808,6208,HTTP リクエスト,200,OK,スレッドグループ 1-35,text,true,77560,53,53,6204
1453122994113,5903,HTTP リクエスト,200,OK,スレッドグループ 1-36,text,true,77560,53,53,5900
1453122994408,5608,HTTP リクエスト,200,OK,スレッドグループ 1-37,text,true,77560,53,53,5605
1453122996057,5066,HTTP リクエスト,200,OK,スレッドグループ 1-5,text,true,77560,57,57,5065
1453122996069,5337,HTTP リクエスト,200,OK,スレッドグループ 1-7,text,true,219,58,58,5337
1453122996148,5280,HTTP リクエスト,200,OK,スレッドグループ 1-10,text,true,4418,58,58,5280
1453122996925,4610,HTTP リクエスト,200,OK,スレッドグループ 1-14,text,true,77560,58,58,4609
1453122996956,5700,HTTP リクエスト,200,OK,スレッドグループ 1-19,text,true,219,62,62,5700
1453122996966,5691,HTTP リクエスト,200,OK,スレッドグループ 1-20,text,true,219,62,62,5691
1453122997173,5532,HTTP リクエスト,200,OK,スレッドグループ 1-27,text,true,4418,62,62,5532
1453122997184,5522,HTTP リクエスト,200,OK,スレッドグループ 1-28,text,true,4418,62,62,5522
1453122997185,5522,HTTP リクエスト,200,OK,スレッドグループ 1-29,text,true,4418,62,62,5522
1453122994712,8370,HTTP リクエスト,200,OK,スレッドグループ 1-38,text,true,77560,63,63,8369
1453122995017,8068,HTTP リクエスト,200,OK,スレッドグループ 1-39,text,true,77560,63,63,8066
1453122995317,7771,HTTP リクエスト,200,OK,スレッドグループ 1-40,text,true,77560,63,63,7769
1453122995610,7480,HTTP リクエスト,200,OK,スレッドグループ 1-41,text,true,77560,63,63,7478
1453122999274,6231,HTTP リクエスト,200,OK,スレッドグループ 1-3,text,true,219,71,71,6231
1453122999275,6230,HTTP リクエスト,200,OK,スレッドグループ 1-4,text,true,4418,71,71,6230
1453122999526,6038,HTTP リクエスト,200,OK,スレッドグループ 1-6,text,true,77560,71,71,6037
1453122999540,6289,HTTP リクエスト,200,OK,スレッドグループ 1-9,text,true,219,72,72,6289
1453122999539,6290,HTTP リクエスト,200,OK,スレッドグループ 1-8,text,true,219,72,72,6290
1453122999588,6247,HTTP リクエスト,200,OK,スレッドグループ 1-11,text,true,4418,72,72,6247
1453122999609,6227,HTTP リクエスト,200,OK,スレッドグループ 1-12,text,true,4418,72,72,6227
1453122999609,6227,HTTP リクエスト,200,OK,スレッドグループ 1-13,text,true,4418,72,72,6227
1453122999863,6030,HTTP リクエスト,200,OK,スレッドグループ 1-15,text,true,77560,72,72,6028
1453122999875,6021,HTTP リクエスト,200,OK,スレッドグループ 1-16,text,true,77560,72,72,6018
1453122999875,6023,HTTP リクエスト,200,OK,スレッドグループ 1-17,text,true,77560,72,72,6021
1453122999875,6024,HTTP リクエスト,200,OK,スレッドグループ 1-18,text,true,77560,72,72,6023
1453122999895,6500,HTTP リクエスト,200,OK,スレッドグループ 1-21,text,true,219,73,73,6500
1453122999895,6500,HTTP リクエスト,200,OK,スレッドグループ 1-22,text,true,219,73,73,6500
1453122999895,6500,HTTP リクエスト,200,OK,スレッドグループ 1-23,text,true,219,73,73,6500
1453122999895,6500,HTTP リクエスト,200,OK,スレッドグループ 1-24,text,true,219,73,73,6500
1453122999895,6501,HTTP リクエスト,200,OK,スレッドグループ 1-25,text,true,219,73,73,6501
1453122999896,6500,HTTP リクエスト,200,OK,スレッドグループ 1-26,text,true,219,73,73,6500
1453123000000,6429,HTTP リクエスト,200,OK,スレッドグループ 1-30,text,true,4418,74,74,6429
1453123000019,6410,HTTP リクエスト,200,OK,スレッドグループ 1-32,text,true,4418,74,74,6410
1453123000018,6411,HTTP リクエスト,200,OK,スレッドグループ 1-31,text,true,4418,74,74,6411
1453123000040,6392,HTTP リクエスト,200,OK,スレッドグループ 1-33,text,true,4418,74,74,6392
1453123000040,6392,HTTP リクエスト,200,OK,スレッドグループ 1-34,text,true,4418,74,74,6392
1453123000040,6392,HTTP リクエスト,200,OK,スレッドグループ 1-35,text,true,4418,74,74,6392
1453123000040,6392,HTTP リクエスト,200,OK,スレッドグループ 1-37,text,true,4418,74,74,6392
1453123000040,6392,HTTP リクエスト,200,OK,スレッドグループ 1-36,text,true,4418,74,74,6392
1453122995910,10679,HTTP リクエスト,200,OK,スレッドグループ 1-42,text,true,77560,74,74,10678
1453122996212,10379,HTTP リクエスト,200,OK,スレッドグループ 1-43,text,true,77560,74,74,10378
1453122996512,10081,HTTP リクエスト,200,OK,スレッドグループ 1-44,text,true,77560,74,74,10080
1453122996811,9784,HTTP リクエスト,200,OK,スレッドグループ 1-45,text,true,77560,74,74,9782
1453122997112,9486,HTTP リクエスト,200,OK,スレッドグループ 1-46,text,true,77560,74,74,9484
1453122997417,9181,HTTP リクエスト,200,OK,スレッドグループ 1-47,text,true,77560,74,74,9179
1453122997710,8889,HTTP リクエスト,200,OK,スレッドグループ 1-48,text,true,77560,74,74,8886
1453122998012,8594,HTTP リクエスト,200,OK,スレッドグループ 1-49,text,true,77560,74,74,8588
1453122998311,8297,HTTP リクエスト,200,OK,スレッドグループ 1-50,text,true,77560,74,74,8290
1453122998612,7998,HTTP リクエスト,200,OK,スレッドグループ 1-51,text,true,77560,74,74,7991
1453123001156,7448,HTTP リクエスト,200,OK,スレッドグループ 1-5,text,true,4418,81,81,7448
1453123001415,7229,HTTP リクエスト,200,OK,スレッドグループ 1-7,text,true,77560,81,81,7228
1453123001438,7744,HTTP リクエスト,200,OK,スレッドグループ 1-10,text,true,219,83,83,7744
1453123001544,7667,HTTP リクエスト,200,OK,スレッドグループ 1-14,text,true,4418,83,83,7667
1453123002669,6679,HTTP リクエスト,200,OK,スレッドグループ 1-19,text,true,77560,83,83,6678
1453123002681,6669,HTTP リクエスト,200,OK,スレッドグループ 1-20,text,true,77560,83,83,6668
1453123002715,8141,HTTP リクエスト,200,OK,スレッドグループ 1-27,text,true,219,88,88,8141
1453123002728,8128,HTTP リクエスト,200,OK,スレッドグループ 1-28,text,true,219,88,88,8128
1453123002737,8120,HTTP リクエスト,200,OK,スレッドグループ 1-29,text,true,219,88,88,8120
1453123003094,7822,HTTP リクエスト,200,OK,スレッドグループ 1-38,text,true,4418,88,88,7822
1453123003108,7809,HTTP リクエスト,200,OK,スレッドグループ 1-39,text,true,4418,88,88,7809
1453123003108,7809,HTTP リクエスト,200,OK,スレッドグループ 1-40,text,true,4418,88,88,7809
1453123003118,7799,HTTP リクエスト,200,OK,スレッドグループ 1-41,text,true,4418,88,88,7799
1453122998913,12349,HTTP リクエスト,200,OK,スレッドグループ 1-52,text,true,77560,90,90,12346
1453122999210,12054,HTTP リクエスト,200,OK,スレッドグループ 1-53,text,true,77560,90,90,12052
1453122999511,11756,HTTP リクエスト,200,OK,スレッドグループ 1-54,text,true,77560,90,90,11755
1453122999810,11459,HTTP リクエスト,200,OK,スレッドグループ 1-55,text,true,77560,90,90,11456
1453123000112,11158,HTTP リクエスト,200,OK,スレッドグループ 1-56,text,true,77560,90,90,11157
1453123000415,10856,HTTP リクエスト,200,OK,スレッドグループ 1-57,text,true,77560,90,90,10855
1453123000714,10559,HTTP リクエスト,200,OK,スレッドグループ 1-58,text,true,77560,90,90,10558
1453123001013,10266,HTTP リクエスト,200,OK,スレッドグループ 1-59,text,true,77560,90,90,10262
1453123005531,8318,HTTP リクエスト,200,OK,スレッドグループ 1-4,text,true,219,97,97,8318
1453123005572,8283,HTTP リクエスト,200,OK,スレッドグループ 1-6,text,true,4418,97,97,8283
1453123005854,8069,HTTP リクエスト,200,OK,スレッドグループ 1-8,text,true,77560,96,96,8068
1453123005841,8093,HTTP リクエスト,200,OK,スレッドグループ 1-9,text,true,77560,96,96,8083
1453123005864,8415,HTTP リクエスト,200,OK,スレッドグループ 1-11,text,true,219,96,96,8415
1453123005864,8415,HTTP リクエスト,200,OK,スレッドグループ 1-13,text,true,219,96,96,8415
1453123005864,8415,HTTP リクエスト,200,OK,スレッドグループ 1-12,text,true,219,96,96,8415
1453123005903,8385,HTTP リクエスト,200,OK,スレッドグループ 1-15,text,true,4418,96,96,8385
1453123005919,8369,HTTP リクエスト,200,OK,スレッドグループ 1-16,text,true,4418,96,96,8369
1453123005919,8369,HTTP リクエスト,200,OK,スレッドグループ 1-17,text,true,4418,96,96,8369
1453123005919,8370,HTTP リクエスト,200,OK,スレッドグループ 1-18,text,true,4418,96,96,8369
1453123006412,7975,HTTP リクエスト,200,OK,スレッドグループ 1-21,text,true,77560,96,96,7974
1453123006431,7967,HTTP リクエスト,200,OK,スレッドグループ 1-22,text,true,77560,96,96,7957
1453123006431,7970,HTTP リクエスト,200,OK,スレッドグループ 1-23,text,true,77560,96,96,7968
1453123006431,7973,HTTP リクエスト,200,OK,スレッドグループ 1-24,text,true,77560,96,96,7971
1453123006431,7975,HTTP リクエスト,200,OK,スレッドグループ 1-25,text,true,77560,96,96,7974
1453123006431,7977,HTTP リクエスト,200,OK,スレッドグループ 1-26,text,true,77560,96,96,7975
1453123006455,8768,HTTP リクエスト,200,OK,スレッドグループ 1-30,text,true,219,96,96,8768
1453123006456,8768,HTTP リクエスト,200,OK,スレッドグループ 1-31,text,true,219,96,96,8768
1453123006456,8768,HTTP リクエスト,200,OK,スレッドグループ 1-32,text,true,219,96,96,8768
1453123006457,8767,HTTP リクエスト,200,OK,スレッドグループ 1-33,text,true,219,96,96,8767
1453123006457,8767,HTTP リクエスト,200,OK,スレッドグループ 1-34,text,true,219,96,96,8767
1453123006457,8768,HTTP リクエスト,200,OK,スレッドグループ 1-35,text,true,219,96,96,8768
1453123006457,8768,HTTP リクエスト,200,OK,スレッドグループ 1-36,text,true,219,96,96,8768
1453123006457,8768,HTTP リクエスト,200,OK,スレッドグループ 1-37,text,true,219,96,96,8768
1453123006602,8675,HTTP リクエスト,200,OK,スレッドグループ 1-42,text,true,4418,96,96,8675
1453123006642,8637,HTTP リクエスト,200,OK,スレッドグループ 1-44,text,true,4418,96,96,8637
1453123006622,8663,HTTP リクエスト,200,OK,スレッドグループ 1-43,text,true,4418,96,96,8663
1453123006643,8645,HTTP リクエスト,200,OK,スレッドグループ 1-46,text,true,4418,96,96,8645
1453123006642,8645,HTTP リクエスト,200,OK,スレッドグループ 1-45,text,true,4418,96,96,8645
1453123006643,8645,HTTP リクエスト,200,OK,スレッドグループ 1-47,text,true,4418,96,96,8645
1453123006643,8645,HTTP リクエスト,200,OK,スレッドグループ 1-48,text,true,4418,96,96,8645
1453123006657,8631,HTTP リクエスト,200,OK,スレッドグループ 1-50,text,true,4418,96,96,8631
1453123006657,8631,HTTP リクエスト,200,OK,スレッドグループ 1-51,text,true,4418,96,96,8631
1453123006643,8645,HTTP リクエスト,200,OK,スレッドグループ 1-49,text,true,4418,96,96,8645
1453123001312,14272,HTTP リクエスト,200,OK,スレッドグループ 1-60,text,true,77560,96,96,14270
1453123001618,13967,HTTP リクエスト,200,OK,スレッドグループ 1-61,text,true,77560,96,96,13966
1453123001924,13666,HTTP リクエスト,200,OK,スレッドグループ 1-62,text,true,77560,96,96,13662
1453123002218,13378,HTTP リクエスト,200,OK,スレッドグループ 1-63,text,true,77560,96,96,13370
1453123003125,12471,HTTP リクエスト,200,OK,スレッドグループ 1-66,text,true,77560,96,96,12465
1453123002521,13076,HTTP リクエスト,200,OK,スレッドグループ 1-64,text,true,77560,96,96,13068
1453123003421,12177,HTTP リクエスト,200,OK,スレッドグループ 1-67,text,true,77560,96,96,12169
1453123002821,12777,HTTP リクエスト,200,OK,スレッドグループ 1-65,text,true,77560,96,96,12768
1453123003727,11871,HTTP リクエスト,200,OK,スレッドグループ 1-68,text,true,77560,96,96,11865
1453123004020,11581,HTTP リクエスト,200,OK,スレッドグループ 1-69,text,true,77560,96,96,11572
1453123008613,9520,HTTP リクエスト,200,OK,スレッドグループ 1-5,text,true,219,96,96,9520
1453123008654,9499,HTTP リクエスト,200,OK,スレッドグループ 1-7,text,true,4418,95,95,9499
1453123009192,9067,HTTP リクエスト,200,OK,スレッドグループ 1-10,text,true,77560,95,95,9065
1453123009221,9834,HTTP リクエスト,200,OK,スレッドグループ 1-14,text,true,219,95,95,9834
1453123009357,9733,HTTP リクエスト,200,OK,スレッドグループ 1-19,text,true,4418,95,95,9733
1453123009373,9717,HTTP リクエスト,200,OK,スレッドグループ 1-20,text,true,4418,95,95,9717
1453123010866,8451,HTTP リクエスト,200,OK,スレッドグループ 1-27,text,true,77560,95,95,8450
1453123010878,8441,HTTP リクエスト,200,OK,スレッドグループ 1-28,text,true,77560,95,95,8439
1453123010878,8442,HTTP リクエスト,200,OK,スレッドグループ 1-29,text,true,77560,95,95,8441
1453123010927,10542,HTTP リクエスト,200,OK,スレッドグループ 1-38,text,true,219,95,95,10542
1453123010937,10532,HTTP リクエスト,200,OK,スレッドグループ 1-39,text,true,219,95,95,10532
1453123010937,10533,HTTP リクエスト,200,OK,スレッドグループ 1-40,text,true,219,95,95,10533
1453123010938,10532,HTTP リクエスト,200,OK,スレッドグループ 1-41,text,true,219,95,95,10532
1453123011276,10271,HTTP リクエスト,200,OK,スレッドグループ 1-52,text,true,4418,95,95,10271
1453123011293,10254,HTTP リクエスト,200,OK,スレッドグループ 1-53,text,true,4418,95,95,10254
1453123011293,10254,HTTP リクエスト,200,OK,スレッドグループ 1-54,text,true,4418,95,95,10254
1453123011293,10255,HTTP リクエスト,200,OK,スレッドグループ 1-55,text,true,4418,95,95,10255
1453123011293,10255,HTTP リクエスト,200,OK,スレッドグループ 1-56,text,true,4418,95,95,10255
1453123011293,10255,HTTP リクエスト,200,OK,スレッドグループ 1-57,text,true,4418,95,95,10255
1453123011293,10255,HTTP リクエスト,200,OK,スレッドグループ 1-58,text,true,4418,95,95,10255
1453123011294,10255,HTTP リクエスト,200,OK,スレッドグループ 1-59,text,true,4418,95,95,10255
1453123004320,17590,HTTP リクエスト,200,OK,スレッドグループ 1-70,text,true,77560,95,95,17588
1453123004621,17294,HTTP リクエスト,200,OK,スレッドグループ 1-71,text,true,77560,95,95,17289
1453123004921,16994,HTTP リクエスト,200,OK,スレッドグループ 1-72,text,true,77560,95,95,16990
1453123005220,16697,HTTP リクエスト,200,OK,スレッドグループ 1-73,text,true,77560,95,95,16692
1453123005522,16397,HTTP リクエスト,200,OK,スレッドグループ 1-74,text,true,77560,95,95,16395
1453123005827,16104,HTTP リクエスト,200,OK,スレッドグループ 1-75,text,true,77560,95,95,16093
1453123006120,15812,HTTP リクエスト,200,OK,スレッドグループ 1-76,text,true,77560,95,95,15802
1453123006424,15509,HTTP リクエスト,200,OK,スレッドグループ 1-77,text,true,77560,95,95,15499
1453123006723,15210,HTTP リクエスト,200,OK,スレッドグループ 1-78,text,true,77560,95,95,15200
1453123007024,14911,HTTP リクエスト,200,OK,スレッドグループ 1-79,text,true,77560,95,95,14903
1453123013875,10555,HTTP リクエスト,200,OK,スレッドグループ 1-6,text,true,219,95,95,10555
1453123013942,10497,HTTP リクエスト,200,OK,スレッドグループ 1-8,text,true,4418,95,95,10497
1453123014043,10396,HTTP リクエスト,200,OK,スレッドグループ 1-9,text,true,4418,95,95,10396
1453123014290,10202,HTTP リクエスト,200,OK,スレッドグループ 1-11,text,true,77560,94,94,10201
1453123014313,10182,HTTP リクエスト,200,OK,スレッドグループ 1-12,text,true,77560,94,94,10180
1453123014313,10186,HTTP リクエスト,200,OK,スレッドグループ 1-13,text,true,77560,94,94,10184
1453123014324,10457,HTTP リクエスト,200,OK,スレッドグループ 1-15,text,true,219,94,94,10457
1453123014324,10457,HTTP リクエスト,200,OK,スレッドグループ 1-16,text,true,219,94,94,10457
1453123014324,10458,HTTP リクエスト,200,OK,スレッドグループ 1-17,text,true,219,94,94,10458
1453123014324,10458,HTTP リクエスト,200,OK,スレッドグループ 1-18,text,true,219,94,94,10458
1453123014394,10405,HTTP リクエスト,200,OK,スレッドグループ 1-21,text,true,4418,94,94,10405
1453123014412,10387,HTTP リクエスト,200,OK,スレッドグループ 1-22,text,true,4418,94,94,10387
1453123014424,10375,HTTP リクエスト,200,OK,スレッドグループ 1-23,text,true,4418,94,94,10375
1453123014433,10366,HTTP リクエスト,200,OK,スレッドグループ 1-25,text,true,4418,94,94,10366
1453123014432,10367,HTTP リクエスト,200,OK,スレッドグループ 1-24,text,true,4418,94,94,10367
1453123014433,10367,HTTP リクエスト,200,OK,スレッドグループ 1-26,text,true,4418,94,94,10367
1453123015232,9711,HTTP リクエスト,200,OK,スレッドグループ 1-30,text,true,77560,94,94,9710
1453123015255,9692,HTTP リクエスト,200,OK,スレッドグループ 1-31,text,true,77560,94,94,9689
1453123015255,9700,HTTP リクエスト,200,OK,スレッドグループ 1-32,text,true,77560,94,94,9690
1453123015256,9700,HTTP リクエスト,200,OK,スレッドグループ 1-34,text,true,77560,94,94,9697
1453123015264,9696,HTTP リクエスト,200,OK,スレッドグループ 1-35,text,true,77560,94,94,9687
1453123015264,9696,HTTP リクエスト,200,OK,スレッドグループ 1-36,text,true,77560,94,94,9687
1453123015265,9696,HTTP リクエスト,200,OK,スレッドグループ 1-37,text,true,77560,94,94,9686
1453123015256,9705,HTTP リクエスト,200,OK,スレッドグループ 1-33,text,true,77560,94,94,9692
1453123015294,10696,HTTP リクエスト,200,OK,スレッドグループ 1-42,text,true,219,94,94,10696
1453123015316,10675,HTTP リクエスト,200,OK,スレッドグループ 1-43,text,true,219,94,94,10675
1453123015317,10674,HTTP リクエスト,200,OK,スレッドグループ 1-45,text,true,219,94,94,10674
1453123015308,10683,HTTP リクエスト,200,OK,スレッドグループ 1-44,text,true,219,94,94,10683
1453123015317,10674,HTTP リクエスト,200,OK,スレッドグループ 1-47,text,true,219,94,94,10674
1453123015316,10675,HTTP リクエスト,200,OK,スレッドグループ 1-46,text,true,219,94,94,10675
1453123015317,10674,HTTP リクエスト,200,OK,スレッドグループ 1-48,text,true,219,94,94,10674
1453123015317,10675,HTTP リクエスト,200,OK,スレッドグループ 1-49,text,true,219,94,94,10675
1453123015317,10675,HTTP リクエスト,200,OK,スレッドグループ 1-50,text,true,219,94,94,10675
1453123015317,10675,HTTP リクエスト,200,OK,スレッドグループ 1-51,text,true,219,94,94,10675
1453123015595,10468,HTTP リクエスト,200,OK,スレッドグループ 1-60,text,true,4418,94,94,10468
1453123015614,10450,HTTP リクエスト,200,OK,スレッドグループ 1-61,text,true,4418,94,94,10450
1453123015614,10451,HTTP リクエスト,200,OK,スレッドグループ 1-62,text,true,4418,94,94,10451
1453123015615,10451,HTTP リクエスト,200,OK,スレッドグループ 1-65,text,true,4418,94,94,10451
1453123015614,10451,HTTP リクエスト,200,OK,スレッドグループ 1-63,text,true,4418,94,94,10451
1453123015615,10450,HTTP リクエスト,200,OK,スレッドグループ 1-64,text,true,4418,94,94,10450
1453123015615,10451,HTTP リクエスト,200,OK,スレッドグループ 1-66,text,true,4418,94,94,10451
1453123015615,10451,HTTP リクエスト,200,OK,スレッドグループ 1-67,text,true,4418,94,94,10451
1453123015615,10451,HTTP リクエスト,200,OK,スレッドグループ 1-68,text,true,4418,94,94,10451
1453123015615,10451,HTTP リクエスト,200,OK,スレッドグループ 1-69,text,true,4418,94,94,10451
1453123007321,19103,HTTP リクエスト,200,OK,スレッドグループ 1-80,text,true,77560,94,94,19102
1453123007624,18802,HTTP リクエスト,200,OK,スレッドグループ 1-81,text,true,77560,94,94,18801
1453123007922,18507,HTTP リクエスト,200,OK,スレッドグループ 1-82,text,true,77560,94,94,18506
1453123008221,18209,HTTP リクエスト,200,OK,スレッドグループ 1-83,text,true,77560,94,94,18207
1453123008522,17912,HTTP リクエスト,200,OK,スレッドグループ 1-84,text,true,77560,94,94,17909
1453123008827,17611,HTTP リクエスト,200,OK,スレッドグループ 1-85,text,true,77560,94,94,17609
1453123009128,17317,HTTP リクエスト,200,OK,スレッドグループ 1-86,text,true,77560,94,94,17312
1453123009428,17017,HTTP リクエスト,200,OK,スレッドグループ 1-87,text,true,77560,94,94,17014
1453123009729,16717,HTTP リクエスト,200,OK,スレッドグループ 1-88,text,true,77560,94,94,16714
1453123010029,16417,HTTP リクエスト,200,OK,スレッドグループ 1-89,text,true,77560,94,94,16413
1453123018176,10813,HTTP リクエスト,200,OK,スレッドグループ 1-7,text,true,219,94,94,10813
1453123018266,10750,HTTP リクエスト,200,OK,スレッドグループ 1-10,text,true,4418,93,93,10750
1453123019063,10072,HTTP リクエスト,200,OK,スレッドグループ 1-14,text,true,77560,93,93,10070
1453123019100,10981,HTTP リクエスト,200,OK,スレッドグループ 1-19,text,true,219,93,93,10981
1453123019110,10971,HTTP リクエスト,200,OK,スレッドグループ 1-20,text,true,219,93,93,10971
1453123019329,10800,HTTP リクエスト,200,OK,スレッドグループ 1-27,text,true,4418,93,93,10800
1453123019338,10792,HTTP リクエスト,200,OK,スレッドグループ 1-28,text,true,4418,93,93,10792
1453123019338,10792,HTTP リクエスト,200,OK,スレッドグループ 1-29,text,true,4418,93,93,10792
1453123021488,8892,HTTP リクエスト,200,OK,スレッドグループ 1-38,text,true,77560,93,93,8890
1453123021498,8885,HTTP リクエスト,200,OK,スレッドグループ 1-39,text,true,77560,93,93,8883
1453123021498,8887,HTTP リクエスト,200,OK,スレッドグループ 1-40,text,true,77560,93,93,8885
1453123021498,8888,HTTP リクエスト,200,OK,スレッドグループ 1-41,text,true,77560,93,93,8887
1453123021567,11382,HTTP リクエスト,200,OK,スレッドグループ 1-54,text,true,219,93,93,11382
1453123021567,11381,HTTP リクエスト,200,OK,スレッドグループ 1-53,text,true,219,93,93,11381
1453123021558,11390,HTTP リクエスト,200,OK,スレッドグループ 1-52,text,true,219,93,93,11390
1453123021568,11381,HTTP リクエスト,200,OK,スレッドグループ 1-55,text,true,219,93,93,11381
1453123021568,11383,HTTP リクエスト,200,OK,スレッドグループ 1-56,text,true,219,93,93,11383
1453123021568,11384,HTTP リクエスト,200,OK,スレッドグループ 1-57,text,true,219,93,93,11384
1453123021568,11384,HTTP リクエスト,200,OK,スレッドグループ 1-58,text,true,219,93,93,11384
1453123021569,11383,HTTP リクエスト,200,OK,スレッドグループ 1-59,text,true,219,93,93,11383
1453123021924,11108,HTTP リクエスト,200,OK,スレッドグループ 1-70,text,true,4418,93,93,11108
1453123021945,11088,HTTP リクエスト,200,OK,スレッドグループ 1-71,text,true,4418,93,93,11088
1453123021945,11093,HTTP リクエスト,200,OK,スレッドグループ 1-72,text,true,4418,93,93,11093
1453123021948,11090,HTTP リクエスト,200,OK,スレッドグループ 1-74,text,true,4418,93,93,11090
1453123021970,11068,HTTP リクエスト,200,OK,スレッドグループ 1-76,text,true,4418,93,93,11068
1453123021947,11091,HTTP リクエスト,200,OK,スレッドグループ 1-73,text,true,4418,93,93,11091
1453123021969,11069,HTTP リクエスト,200,OK,スレッドグループ 1-75,text,true,4418,93,93,11069
1453123021970,11071,HTTP リクエスト,200,OK,スレッドグループ 1-77,text,true,4418,93,93,11071
1453123021982,11059,HTTP リクエスト,200,OK,スレッドグループ 1-78,text,true,4418,93,93,11059
1453123021982,11059,HTTP リクエスト,200,OK,スレッドグループ 1-79,text,true,4418,93,93,11059
1453123010327,23133,HTTP リクエスト,200,OK,スレッドグループ 1-90,text,true,77560,93,93,23132
1453123010648,22814,HTTP リクエスト,200,OK,スレッドグループ 1-91,text,true,77560,93,93,22813
1453123010932,22533,HTTP リクエスト,200,OK,スレッドグループ 1-92,text,true,77560,93,93,22531
1453123011228,22239,HTTP リクエスト,200,OK,スレッドグループ 1-93,text,true,77560,93,93,22237
1453123011531,21937,HTTP リクエスト,200,OK,スレッドグループ 1-94,text,true,77560,93,93,21935
1453123011837,21633,HTTP リクエスト,200,OK,スレッドグループ 1-95,text,true,77560,93,93,21631
1453123012132,21344,HTTP リクエスト,200,OK,スレッドグループ 1-96,text,true,77560,93,93,21340
1453123012736,20746,HTTP リクエスト,200,OK,スレッドグループ 1-98,text,true,77560,93,93,20741
1453123012438,21044,HTTP リクエスト,200,OK,スレッドグループ 1-97,text,true,77560,93,93,21038
1453123013034,20450,HTTP リクエスト,200,OK,スレッドグループ 1-99,text,true,77560,93,93,20445
1453123024465,9312,HTTP リクエスト,200,OK,スレッドグループ 1-9,text,true,219,93,93,9312
1453123024464,9312,HTTP リクエスト,200,OK,スレッドグループ 1-8,text,true,219,93,93,9312
1453123024510,9276,HTTP リクエスト,200,OK,スレッドグループ 1-11,text,true,4418,93,93,9276
1453123024528,9259,HTTP リクエスト,200,OK,スレッドグループ 1-12,text,true,4418,93,93,9259
1453123024528,9263,HTTP リクエスト,200,OK,スレッドグループ 1-13,text,true,4418,93,93,9263
1453123024792,9062,HTTP リクエスト,200,OK,スレッドグループ 1-15,text,true,77560,91,91,9060
1453123024809,9047,HTTP リクエスト,200,OK,スレッドグループ 1-16,text,true,77560,91,91,9046
1453123024809,9051,HTTP リクエスト,200,OK,スレッドグループ 1-17,text,true,77560,91,91,9049
1453123024809,9052,HTTP リクエスト,200,OK,スレッドグループ 1-18,text,true,77560,91,91,9049
1453123024827,9575,HTTP リクエスト,200,OK,スレッドグループ 1-21,text,true,219,91,91,9575
1453123024828,9574,HTTP リクエスト,200,OK,スレッドグループ 1-22,text,true,219,91,91,9574
1453123024828,9574,HTTP リクエスト,200,OK,スレッドグループ 1-23,text,true,219,91,91,9574
1453123024828,9575,HTTP リクエスト,200,OK,スレッドグループ 1-24,text,true,219,91,91,9575
1453123024828,9575,HTTP リクエスト,200,OK,スレッドグループ 1-25,text,true,219,91,91,9575
1453123024842,9561,HTTP リクエスト,200,OK,スレッドグループ 1-26,text,true,219,91,91,9561
1453123024960,9476,HTTP リクエスト,200,OK,スレッドグループ 1-30,text,true,4418,91,91,9476
1453123024983,9455,HTTP リクエスト,200,OK,スレッドグループ 1-32,text,true,4418,91,91,9455
1453123024971,9467,HTTP リクエスト,200,OK,スレッドグループ 1-31,text,true,4418,91,91,9467
1453123024994,9448,HTTP リクエスト,200,OK,スレッドグループ 1-33,text,true,4418,91,91,9448
1453123024983,9460,HTTP リクエスト,200,OK,スレッドグループ 1-34,text,true,4418,91,91,9460
1453123024983,9461,HTTP リクエスト,200,OK,スレッドグループ 1-35,text,true,4418,91,91,9461
1453123024983,9462,HTTP リクエスト,200,OK,スレッドグループ 1-36,text,true,4418,91,91,9462
1453123024994,9451,HTTP リクエスト,200,OK,スレッドグループ 1-37,text,true,4418,91,91,9451
1453123026003,8645,HTTP リクエスト,200,OK,スレッドグループ 1-42,text,true,77560,91,91,8644
1453123026024,8628,HTTP リクエスト,200,OK,スレッドグループ 1-43,text,true,77560,91,91,8625
1453123026025,8631,HTTP リクエスト,200,OK,スレッドグループ 1-44,text,true,77560,91,91,8628
1453123026024,8636,HTTP リクエスト,200,OK,スレッドグループ 1-45,text,true,77560,91,91,8632
1453123026025,8643,HTTP リクエスト,200,OK,スレッドグループ 1-46,text,true,77560,91,91,8637
1453123026025,8646,HTTP リクエスト,200,OK,スレッドグループ 1-47,text,true,77560,91,91,8644
1453123026025,8648,HTTP リクエスト,200,OK,スレッドグループ 1-48,text,true,77560,91,91,8647
1453123026033,8646,HTTP リクエスト,200,OK,スレッドグループ 1-49,text,true,77560,91,91,8641
1453123026033,8652,HTTP リクエスト,200,OK,スレッドグループ 1-50,text,true,77560,91,91,8647
1453123026033,8655,HTTP リクエスト,200,OK,スレッドグループ 1-51,text,true,77560,91,91,8653
1453123026073,10739,HTTP リクエスト,200,OK,スレッドグループ 1-60,text,true,219,91,91,10739
1453123026090,10722,HTTP リクエスト,200,OK,スレッドグループ 1-61,text,true,219,91,91,10722
1453123026090,10723,HTTP リクエスト,200,OK,スレッドグループ 1-63,text,true,219,91,91,10723
1453123026090,10723,HTTP リクエスト,200,OK,スレッドグループ 1-62,text,true,219,91,91,10723
1453123026090,10723,HTTP リクエスト,200,OK,スレッドグループ 1-64,text,true,219,91,91,10723
1453123026091,10724,HTTP リクエスト,200,OK,スレッドグループ 1-69,text,true,219,91,91,10724
1453123026091,10724,HTTP リクエスト,200,OK,スレッドグループ 1-68,text,true,219,91,91,10724
1453123026091,10723,HTTP リクエスト,200,OK,スレッドグループ 1-67,text,true,219,91,91,10723
1453123026091,10723,HTTP リクエスト,200,OK,スレッドグループ 1-66,text,true,219,91,91,10723
1453123026090,10723,HTTP リクエスト,200,OK,スレッドグループ 1-65,text,true,219,91,91,10723
1453123026436,10472,HTTP リクエスト,200,OK,スレッドグループ 1-80,text,true,4418,91,91,10472
1453123026454,10454,HTTP リクエスト,200,OK,スレッドグループ 1-81,text,true,4418,91,91,10454
1453123026454,10454,HTTP リクエスト,200,OK,スレッドグループ 1-82,text,true,4418,91,91,10454
1453123026455,10453,HTTP リクエスト,200,OK,スレッドグループ 1-83,text,true,4418,91,91,10453
1453123026455,10453,HTTP リクエスト,200,OK,スレッドグループ 1-84,text,true,4418,91,91,10453
1453123026455,10454,HTTP リクエスト,200,OK,スレッドグループ 1-85,text,true,4418,91,91,10454
1453123026471,10438,HTTP リクエスト,200,OK,スレッドグループ 1-86,text,true,4418,91,91,10438
1453123026471,10438,HTTP リクエスト,200,OK,スレッドグループ 1-87,text,true,4418,91,91,10438
1453123026471,10438,HTTP リクエスト,200,OK,スレッドグループ 1-88,text,true,4418,91,91,10438
1453123026476,10433,HTTP リクエスト,200,OK,スレッドグループ 1-89,text,true,4418,91,91,10433
1453123013338,23945,HTTP リクエスト,200,OK,スレッドグループ 1-100,text,true,77560,91,91,23943
1453123029030,8255,HTTP リクエスト,200,OK,スレッドグループ 1-10,text,true,219,91,91,8255
1453123029144,8173,HTTP リクエスト,200,OK,スレッドグループ 1-14,text,true,4418,90,90,8173
1453123030091,7362,HTTP リクエスト,200,OK,スレッドグループ 1-19,text,true,77560,90,90,7361
1453123030103,7352,HTTP リクエスト,200,OK,スレッドグループ 1-20,text,true,77560,90,90,7350
1453123030142,8765,HTTP リクエスト,200,OK,スレッドグループ 1-27,text,true,219,90,90,8765
1453123030152,8756,HTTP リクエスト,200,OK,スレッドグループ 1-28,text,true,219,90,90,8756
1453123030152,8756,HTTP リクエスト,200,OK,スレッドグループ 1-29,text,true,219,90,90,8756
1453123030391,8593,HTTP リクエスト,200,OK,スレッドグループ 1-38,text,true,4418,90,90,8593
1453123030403,8581,HTTP リクエスト,200,OK,スレッドグループ 1-39,text,true,4418,90,90,8581
1453123030404,8581,HTTP リクエスト,200,OK,スレッドグループ 1-40,text,true,4418,90,90,8581
1453123030404,8581,HTTP リクエスト,200,OK,スレッドグループ 1-41,text,true,4418,90,90,8581
1453123032968,6367,HTTP リクエスト,200,OK,スレッドグループ 1-52,text,true,77560,90,90,6366
1453123032968,6369,HTTP リクエスト,200,OK,スレッドグループ 1-53,text,true,77560,90,90,6368
1453123032967,6375,HTTP リクエスト,200,OK,スレッドグループ 1-54,text,true,77560,90,90,6373
1453123032969,6374,HTTP リクエスト,200,OK,スレッドグループ 1-55,text,true,77560,90,90,6371
1453123032979,6366,HTTP リクエスト,200,OK,スレッドグループ 1-56,text,true,77560,90,90,6364
1453123032980,6367,HTTP リクエスト,200,OK,スレッドグループ 1-57,text,true,77560,90,90,6365
1453123032980,6371,HTTP リクエスト,200,OK,スレッドグループ 1-58,text,true,77560,90,90,6368
1453123032980,6374,HTTP リクエスト,200,OK,スレッドグループ 1-59,text,true,77560,90,90,6371
1453123033048,8693,HTTP リクエスト,200,OK,スレッドグループ 1-70,text,true,219,90,90,8693
1453123033048,8693,HTTP リクエスト,200,OK,スレッドグループ 1-71,text,true,219,90,90,8693
1453123033061,8681,HTTP リクエスト,200,OK,スレッドグループ 1-72,text,true,219,90,90,8681
1453123033063,8679,HTTP リクエスト,200,OK,スレッドグループ 1-73,text,true,219,90,90,8679
1453123033062,8680,HTTP リクエスト,200,OK,スレッドグループ 1-74,text,true,219,90,90,8680
1453123033063,8680,HTTP リクエスト,200,OK,スレッドグループ 1-75,text,true,219,90,90,8680
1453123033062,8681,HTTP リクエスト,200,OK,スレッドグループ 1-76,text,true,219,90,90,8681
1453123033063,8680,HTTP リクエスト,200,OK,スレッドグループ 1-77,text,true,219,90,90,8680
1453123033063,8681,HTTP リクエスト,200,OK,スレッドグループ 1-78,text,true,219,90,90,8681
1453123033063,8681,HTTP リクエスト,200,OK,スレッドグループ 1-79,text,true,219,90,90,8681
1453123033472,8361,HTTP リクエスト,200,OK,スレッドグループ 1-90,text,true,4418,90,90,8361
1453123033496,8339,HTTP リクエスト,200,OK,スレッドグループ 1-91,text,true,4418,90,90,8339
1453123033496,8340,HTTP リクエスト,200,OK,スレッドグループ 1-92,text,true,4418,90,90,8340
1453123033496,8340,HTTP リクエスト,200,OK,スレッドグループ 1-93,text,true,4418,90,90,8340
1453123033497,8340,HTTP リクエスト,200,OK,スレッドグループ 1-94,text,true,4418,90,90,8340
1453123033497,8340,HTTP リクエスト,200,OK,スレッドグループ 1-95,text,true,4418,90,90,8340
1453123033508,8329,HTTP リクエスト,200,OK,スレッドグループ 1-96,text,true,4418,90,90,8329
1453123033508,8330,HTTP リクエスト,200,OK,スレッドグループ 1-97,text,true,4418,90,90,8330
1453123033508,8330,HTTP リクエスト,200,OK,スレッドグループ 1-98,text,true,4418,90,90,8330
1453123033517,8321,HTTP リクエスト,200,OK,スレッドグループ 1-99,text,true,4418,90,90,8321
1453123033814,8026,HTTP リクエスト,200,OK,スレッドグループ 1-11,text,true,219,90,90,8025
1453123033814,8026,HTTP リクエスト,200,OK,スレッドグループ 1-12,text,true,219,90,90,8026
1453123033814,8026,HTTP リクエスト,200,OK,スレッドグループ 1-13,text,true,219,90,90,8026
1453123033866,7994,HTTP リクエスト,200,OK,スレッドグループ 1-15,text,true,4418,90,90,7994
1453123033885,7975,HTTP リクエスト,200,OK,スレッドグループ 1-16,text,true,4418,90,90,7975
1453123033885,7976,HTTP リクエスト,200,OK,スレッドグループ 1-17,text,true,4418,90,90,7976
1453123033885,7976,HTTP リクエスト,200,OK,スレッドグループ 1-18,text,true,4418,90,90,7976
1453123034425,7533,HTTP リクエスト,200,OK,スレッドグループ 1-21,text,true,77560,87,87,7532
1453123034438,7523,HTTP リクエスト,200,OK,スレッドグループ 1-22,text,true,77560,87,87,7521
1453123034439,7524,HTTP リクエスト,200,OK,スレッドグループ 1-23,text,true,77560,87,87,7523
1453123034439,7526,HTTP リクエスト,200,OK,スレッドグループ 1-24,text,true,77560,87,87,7525
1453123034439,7533,HTTP リクエスト,200,OK,スレッドグループ 1-25,text,true,77560,87,87,7527
1453123034439,7537,HTTP リクエスト,200,OK,スレッドグループ 1-26,text,true,77560,87,87,7534
1453123034458,8307,HTTP リクエスト,200,OK,スレッドグループ 1-30,text,true,219,87,87,8307
1453123034459,8306,HTTP リクエスト,200,OK,スレッドグループ 1-31,text,true,219,87,87,8306
1453123034459,8307,HTTP リクエスト,200,OK,スレッドグループ 1-32,text,true,219,87,87,8307
1453123034459,8307,HTTP リクエスト,200,OK,スレッドグループ 1-33,text,true,219,87,87,8307
1453123034459,8307,HTTP リクエスト,200,OK,スレッドグループ 1-34,text,true,219,87,87,8307
1453123034470,8296,HTTP リクエスト,200,OK,スレッドグループ 1-35,text,true,219,87,87,8296
1453123034475,8291,HTTP リクエスト,200,OK,スレッドグループ 1-36,text,true,219,87,87,8291
1453123034475,8291,HTTP リクエスト,200,OK,スレッドグループ 1-37,text,true,219,87,87,8291
1453123034659,8154,HTTP リクエスト,200,OK,スレッドグループ 1-42,text,true,4418,87,87,8154
1453123034676,8138,HTTP リクエスト,200,OK,スレッドグループ 1-43,text,true,4418,87,87,8138
1453123034676,8138,HTTP リクエスト,200,OK,スレッドグループ 1-44,text,true,4418,87,87,8138
1453123034677,8138,HTTP リクエスト,200,OK,スレッドグループ 1-45,text,true,4418,87,87,8138
1453123034693,8123,HTTP リクエスト,200,OK,スレッドグループ 1-46,text,true,4418,87,87,8123
1453123034693,8123,HTTP リクエスト,200,OK,スレッドグループ 1-47,text,true,4418,87,87,8123
1453123034709,8107,HTTP リクエスト,200,OK,スレッドグループ 1-50,text,true,4418,87,87,8107
1453123034694,8122,HTTP リクエスト,200,OK,スレッドグループ 1-49,text,true,4418,87,87,8122
1453123034694,8122,HTTP リクエスト,200,OK,スレッドグループ 1-48,text,true,4418,87,87,8122
1453123034709,8107,HTTP リクエスト,200,OK,スレッドグループ 1-51,text,true,4418,87,87,8107
1453123036826,6323,HTTP リクエスト,200,OK,スレッドグループ 1-60,text,true,77560,87,87,6320
1453123036846,6305,HTTP リクエスト,200,OK,スレッドグループ 1-61,text,true,77560,87,87,6304
1453123036846,6309,HTTP リクエスト,200,OK,スレッドグループ 1-62,text,true,77560,87,87,6304
1453123036846,6309,HTTP リクエスト,200,OK,スレッドグループ 1-63,text,true,77560,87,87,6304
1453123036867,6292,HTTP リクエスト,200,OK,スレッドグループ 1-64,text,true,77560,87,87,6285
1453123036867,6298,HTTP リクエスト,200,OK,スレッドグループ 1-66,text,true,77560,87,87,6289
1453123036867,6298,HTTP リクエスト,200,OK,スレッドグループ 1-65,text,true,77560,87,87,6289
1453123036867,6299,HTTP リクエスト,200,OK,スレッドグループ 1-67,text,true,77560,87,87,6289
1453123036867,6300,HTTP リクエスト,200,OK,スレッドグループ 1-68,text,true,77560,87,87,6289
1453123036867,6300,HTTP リクエスト,200,OK,スレッドグループ 1-69,text,true,77560,87,87,6290
1453123036918,8835,HTTP リクエスト,200,OK,スレッドグループ 1-80,text,true,219,87,87,8835
1453123036920,8833,HTTP リクエスト,200,OK,スレッドグループ 1-81,text,true,219,87,87,8833
1453123036928,8826,HTTP リクエスト,200,OK,スレッドグループ 1-82,text,true,219,87,87,8826
1453123036928,8826,HTTP リクエスト,200,OK,スレッドグループ 1-83,text,true,219,87,87,8826
1453123036928,8826,HTTP リクエスト,200,OK,スレッドグループ 1-84,text,true,219,87,87,8826
1453123036928,8826,HTTP リクエスト,200,OK,スレッドグループ 1-85,text,true,219,87,87,8826
1453123036928,8826,HTTP リクエスト,200,OK,スレッドグループ 1-86,text,true,219,87,87,8826
1453123036929,8825,HTTP リクエスト,200,OK,スレッドグループ 1-87,text,true,219,87,87,8825
1453123036929,8825,HTTP リクエスト,200,OK,スレッドグループ 1-88,text,true,219,87,87,8825
1453123036929,8826,HTTP リクエスト,200,OK,スレッドグループ 1-89,text,true,219,87,87,8826
1453123037329,8493,HTTP リクエスト,200,OK,スレッドグループ 1-14,text,true,219,87,87,8493
1453123037461,8396,HTTP リクエスト,200,OK,スレッドグループ 1-19,text,true,4418,86,86,8396
1453123037474,8383,HTTP リクエスト,200,OK,スレッドグループ 1-20,text,true,4418,86,86,8383
1453123038931,7144,HTTP リクエスト,200,OK,スレッドグループ 1-27,text,true,77560,86,86,7143
1453123038960,7119,HTTP リクエスト,200,OK,スレッドグループ 1-28,text,true,77560,86,86,7116
1453123038960,7120,HTTP リクエスト,200,OK,スレッドグループ 1-29,text,true,77560,86,86,7117
1453123039006,9247,HTTP リクエスト,200,OK,スレッドグループ 1-39,text,true,219,86,86,9247
1453123039006,9247,HTTP リクエスト,200,OK,スレッドグループ 1-40,text,true,219,86,86,9247
1453123038993,9260,HTTP リクエスト,200,OK,スレッドグループ 1-38,text,true,219,86,86,9260
1453123039006,9247,HTTP リクエスト,200,OK,スレッドグループ 1-41,text,true,219,86,86,9247
1453123039347,8985,HTTP リクエスト,200,OK,スレッドグループ 1-52,text,true,4418,86,86,8985
1453123039364,8968,HTTP リクエスト,200,OK,スレッドグループ 1-53,text,true,4418,86,86,8968
1453123039364,8970,HTTP リクエスト,200,OK,スレッドグループ 1-54,text,true,4418,86,86,8970
1453123039364,8970,HTTP リクエスト,200,OK,スレッドグループ 1-55,text,true,4418,86,86,8970
1453123039364,8971,HTTP リクエスト,200,OK,スレッドグループ 1-56,text,true,4418,86,86,8971
1453123039366,8969,HTTP リクエスト,200,OK,スレッドグループ 1-57,text,true,4418,86,86,8969
1453123039378,8958,HTTP リクエスト,200,OK,スレッドグループ 1-58,text,true,4418,86,86,8958
1453123039378,8958,HTTP リクエスト,200,OK,スレッドグループ 1-59,text,true,4418,86,86,8958
1453123041753,6948,HTTP リクエスト,200,OK,スレッドグループ 1-70,text,true,77560,86,86,6946
1453123041775,6932,HTTP リクエスト,200,OK,スレッドグループ 1-72,text,true,77560,86,86,6928
1453123041776,6931,HTTP リクエスト,200,OK,スレッドグループ 1-73,text,true,77560,86,86,6927
1453123041775,6932,HTTP リクエスト,200,OK,スレッドグループ 1-71,text,true,77560,86,86,6927
1453123041776,6933,HTTP リクエスト,200,OK,スレッドグループ 1-74,text,true,77560,86,86,6927
1453123041776,6935,HTTP リクエスト,200,OK,スレッドグループ 1-75,text,true,77560,86,86,6934
1453123041777,6935,HTTP リクエスト,200,OK,スレッドグループ 1-76,text,true,77560,86,86,6934
1453123041783,6934,HTTP リクエスト,200,OK,スレッドグループ 1-77,text,true,77560,86,86,6930
1453123041783,6941,HTTP リクエスト,200,OK,スレッドグループ 1-78,text,true,77560,86,86,6935
1453123041783,6942,HTTP リクエスト,200,OK,スレッドグループ 1-79,text,true,77560,86,86,6936
1453123037293,14298,HTTP リクエスト,200,OK,スレッドグループ 1-100,text,true,4418,86,86,14298
1453123041892,9702,HTTP リクエスト,200,OK,スレッドグループ 1-15,text,true,219,86,86,9702
1453123041893,9701,HTTP リクエスト,200,OK,スレッドグループ 1-16,text,true,219,86,86,9701
1453123041893,9701,HTTP リクエスト,200,OK,スレッドグループ 1-17,text,true,219,86,86,9701
1453123041893,9702,HTTP リクエスト,200,OK,スレッドグループ 1-18,text,true,219,86,86,9702
1453123041968,9657,HTTP リクエスト,200,OK,スレッドグループ 1-21,text,true,4418,86,86,9657
1453123041987,9638,HTTP リクエスト,200,OK,スレッドグループ 1-22,text,true,4418,86,86,9638
1453123042005,9621,HTTP リクエスト,200,OK,スレッドグループ 1-25,text,true,4418,86,86,9621
1453123041988,9638,HTTP リクエスト,200,OK,スレッドグループ 1-24,text,true,4418,86,86,9638
1453123041987,9639,HTTP リクエスト,200,OK,スレッドグループ 1-23,text,true,4418,86,86,9639
1453123042005,9621,HTTP リクエスト,200,OK,スレッドグループ 1-26,text,true,4418,86,86,9621
1453123042775,9032,HTTP リクエスト,200,OK,スレッドグループ 1-30,text,true,77560,82,82,9030
1453123042787,9022,HTTP リクエスト,200,OK,スレッドグループ 1-31,text,true,77560,82,82,9020
1453123042787,9024,HTTP リクエスト,200,OK,スレッドグループ 1-32,text,true,77560,82,82,9021
1453123042787,9025,HTTP リクエスト,200,OK,スレッドグループ 1-33,text,true,77560,82,82,9023
1453123042788,9026,HTTP リクエスト,200,OK,スレッドグループ 1-34,text,true,77560,82,82,9025
1453123042788,9033,HTTP リクエスト,200,OK,スレッドグループ 1-35,text,true,77560,82,82,9027
1453123042788,9036,HTTP リクエスト,200,OK,スレッドグループ 1-36,text,true,77560,82,82,9033
1453123042799,9027,HTTP リクエスト,200,OK,スレッドグループ 1-37,text,true,77560,82,82,9024
1453123042824,10040,HTTP リクエスト,200,OK,スレッドグループ 1-42,text,true,219,82,82,10040
1453123042839,10026,HTTP リクエスト,200,OK,スレッドグループ 1-43,text,true,219,82,82,10026
1453123042847,10018,HTTP リクエスト,200,OK,スレッドグループ 1-44,text,true,219,82,82,10018
1453123042848,10017,HTTP リクエスト,200,OK,スレッドグループ 1-45,text,true,219,82,82,10017
1453123042848,10018,HTTP リクエスト,200,OK,スレッドグループ 1-46,text,true,219,82,82,10018
1453123042848,10018,HTTP リクエスト,200,OK,スレッドグループ 1-47,text,true,219,82,82,10018
1453123042849,10017,HTTP リクエスト,200,OK,スレッドグループ 1-48,text,true,219,82,82,10017
1453123042848,10018,HTTP リクエスト,200,OK,スレッドグループ 1-49,text,true,219,82,82,10018
1453123042849,10018,HTTP リクエスト,200,OK,スレッドグループ 1-50,text,true,219,82,82,10018
1453123042849,10018,HTTP リクエスト,200,OK,スレッドグループ 1-51,text,true,219,82,82,10018
1453123043164,9770,HTTP リクエスト,200,OK,スレッドグループ 1-60,text,true,4418,82,82,9769
1453123043183,9751,HTTP リクエスト,200,OK,スレッドグループ 1-61,text,true,4418,82,82,9751
1453123043200,9735,HTTP リクエスト,200,OK,スレッドグループ 1-62,text,true,4418,82,82,9735
1453123043200,9735,HTTP リクエスト,200,OK,スレッドグループ 1-63,text,true,4418,82,82,9735
1453123043201,9734,HTTP リクエスト,200,OK,スレッドグループ 1-64,text,true,4418,82,82,9734
1453123043201,9735,HTTP リクエスト,200,OK,スレッドグループ 1-65,text,true,4418,82,82,9735
1453123043201,9735,HTTP リクエスト,200,OK,スレッドグループ 1-66,text,true,4418,82,82,9735
1453123043201,9736,HTTP リクエスト,200,OK,スレッドグループ 1-67,text,true,4418,82,82,9736
1453123043201,9736,HTTP リクエスト,200,OK,スレッドグループ 1-68,text,true,4418,82,82,9736
1453123043201,9736,HTTP リクエスト,200,OK,スレッドグループ 1-69,text,true,4418,82,82,9736
1453123045764,7501,HTTP リクエスト,200,OK,スレッドグループ 1-80,text,true,77560,82,82,7500
1453123045784,7482,HTTP リクエスト,500,Internal Server Error,スレッドグループ 1-81,text,false,2887,82,82,7482
1453123045784,7482,HTTP リクエスト,500,Internal Server Error,スレッドグループ 1-82,text,false,2887,82,82,7482
1453123045784,7482,HTTP リクエスト,500,Internal Server Error,スレッドグループ 1-83,text,false,2887,82,82,7482
1453123045797,7469,HTTP リクエスト,500,Internal Server Error,スレッドグループ 1-84,text,false,2887,82,82,7469
1453123045797,7470,HTTP リクエスト,500,Internal Server Error,スレッドグループ 1-85,text,false,2887,82,82,7470
1453123045798,7469,HTTP リクエスト,500,Internal Server Error,スレッドグループ 1-86,text,false,2887,82,82,7469
1453123045798,7471,HTTP リクエスト,200,OK,スレッドグループ 1-87,text,true,77560,82,82,7469
1453123045798,7473,HTTP リクエスト,200,OK,スレッドグループ 1-88,text,true,77560,82,82,7472
1453123041843,11429,HTTP リクエスト,200,OK,スレッドグループ 1-90,text,true,219,82,82,11429
1453123045798,7475,HTTP リクエスト,200,OK,スレッドグループ 1-89,text,true,77560,82,82,7474
1453123041881,11392,HTTP リクエスト,200,OK,スレッドグループ 1-91,text,true,219,82,82,11392
1453123041881,11392,HTTP リクエスト,200,OK,スレッドグループ 1-92,text,true,219,82,82,11392
1453123041882,11392,HTTP リクエスト,200,OK,スレッドグループ 1-93,text,true,219,82,82,11392
1453123041882,11392,HTTP リクエスト,200,OK,スレッドグループ 1-94,text,true,219,82,82,11392
1453123041882,11392,HTTP リクエスト,200,OK,スレッドグループ 1-95,text,true,219,82,82,11392
1453123041882,11392,HTTP リクエスト,200,OK,スレッドグループ 1-96,text,true,219,82,82,11392
1453123041882,11392,HTTP リクエスト,200,OK,スレッドグループ 1-97,text,true,219,82,82,11392
1453123041882,11393,HTTP リクエスト,200,OK,スレッドグループ 1-98,text,true,219,82,82,11393
1453123041882,11393,HTTP リクエスト,200,OK,スレッドグループ 1-99,text,true,219,82,82,11393
1453123045868,7410,HTTP リクエスト,200,OK,スレッドグループ 1-19,text,true,219,82,82,7410
1453123045879,7399,HTTP リクエスト,200,OK,スレッドグループ 1-20,text,true,219,82,82,7399
1453123046087,7243,HTTP リクエスト,200,OK,スレッドグループ 1-27,text,true,4418,80,80,7243
1453123046104,7227,HTTP リクエスト,200,OK,スレッドグループ 1-28,text,true,4418,80,80,7227
1453123046104,7228,HTTP リクエスト,200,OK,スレッドグループ 1-29,text,true,4418,80,80,7228
1453123048280,5364,HTTP リクエスト,200,OK,スレッドグループ 1-38,text,true,77560,80,80,5362
1453123048280,5367,HTTP リクエスト,200,OK,スレッドグループ 1-39,text,true,77560,80,80,5365
1453123048280,5368,HTTP リクエスト,200,OK,スレッドグループ 1-40,text,true,77560,80,80,5365
1453123048280,5370,HTTP リクエスト,200,OK,スレッドグループ 1-41,text,true,77560,80,80,5369
1453123048352,7818,HTTP リクエスト,200,OK,スレッドグループ 1-52,text,true,219,80,80,7818
1453123048368,7802,HTTP リクエスト,200,OK,スレッドグループ 1-53,text,true,219,80,80,7802
1453123048382,7789,HTTP リクエスト,200,OK,スレッドグループ 1-54,text,true,219,80,80,7789
1453123048382,7789,HTTP リクエスト,200,OK,スレッドグループ 1-55,text,true,219,80,80,7789
1453123048382,7789,HTTP リクエスト,200,OK,スレッドグループ 1-56,text,true,219,80,80,7789
1453123048382,7789,HTTP リクエスト,200,OK,スレッドグループ 1-57,text,true,219,80,80,7789
1453123048382,7789,HTTP リクエスト,200,OK,スレッドグループ 1-58,text,true,219,80,80,7789
1453123048382,7789,HTTP リクエスト,200,OK,スレッドグループ 1-59,text,true,219,80,80,7789
1453123048719,7524,HTTP リクエスト,200,OK,スレッドグループ 1-70,text,true,4418,80,80,7524
1453123048740,7505,HTTP リクエスト,200,OK,スレッドグループ 1-71,text,true,4418,80,80,7505
1453123048738,7507,HTTP リクエスト,200,OK,スレッドグループ 1-72,text,true,4418,80,80,7507
1453123048739,7506,HTTP リクエスト,200,OK,スレッドグループ 1-73,text,true,4418,80,80,7506
1453123048740,7506,HTTP リクエスト,200,OK,スレッドグループ 1-74,text,true,4418,80,80,7506
1453123048740,7506,HTTP リクエスト,200,OK,スレッドグループ 1-75,text,true,4418,80,80,7506
1453123048740,7506,HTTP リクエスト,200,OK,スレッドグループ 1-76,text,true,4418,80,80,7506
1453123048740,7507,HTTP リクエスト,200,OK,スレッドグループ 1-77,text,true,4418,80,80,7507
1453123048751,7496,HTTP リクエスト,200,OK,スレッドグループ 1-78,text,true,4418,80,80,7496
1453123048751,7496,HTTP リクエスト,200,OK,スレッドグループ 1-79,text,true,4418,80,80,7496
1453123051668,4591,HTTP リクエスト,200,OK,スレッドグループ 1-21,text,true,219,80,80,4591
1453123051673,4586,HTTP リクエスト,200,OK,スレッドグループ 1-22,text,true,219,80,80,4586
1453123051674,4585,HTTP リクエスト,200,OK,スレッドグループ 1-23,text,true,219,80,80,4585
1453123051674,4585,HTTP リクエスト,200,OK,スレッドグループ 1-24,text,true,219,80,80,4585
1453123051674,4586,HTTP リクエスト,200,OK,スレッドグループ 1-25,text,true,219,80,80,4586
1453123051674,4586,HTTP リクエスト,200,OK,スレッドグループ 1-26,text,true,219,80,80,4586
1453123051821,4466,HTTP リクエスト,200,OK,スレッドグループ 1-30,text,true,4418,80,80,4466
1453123051835,4453,HTTP リクエスト,200,OK,スレッドグループ 1-31,text,true,4418,80,80,4453
1453123051836,4453,HTTP リクエスト,200,OK,スレッドグループ 1-32,text,true,4418,80,80,4453
1453123051836,4453,HTTP リクエスト,200,OK,スレッドグループ 1-33,text,true,4418,80,80,4453
1453123051847,4443,HTTP リクエスト,200,OK,スレッドグループ 1-35,text,true,4418,80,80,4443
1453123051857,4433,HTTP リクエスト,200,OK,スレッドグループ 1-36,text,true,4418,80,80,4433
1453123051836,4454,HTTP リクエスト,200,OK,スレッドグループ 1-34,text,true,4418,80,80,4454
1453123051858,4432,HTTP リクエスト,200,OK,スレッドグループ 1-37,text,true,4418,80,80,4432
1453123052875,3563,HTTP リクエスト,200,OK,スレッドグループ 1-42,text,true,77560,74,74,3562
1453123052895,3545,HTTP リクエスト,200,OK,スレッドグループ 1-43,text,true,77560,74,74,3543
1453123052895,3547,HTTP リクエスト,200,OK,スレッドグループ 1-44,text,true,77560,74,74,3546
1453123052907,3546,HTTP リクエスト,200,OK,スレッドグループ 1-48,text,true,77560,74,74,3541
1453123052907,3546,HTTP リクエスト,200,OK,スレッドグループ 1-49,text,true,77560,74,74,3541
1453123052907,3540,HTTP リクエスト,200,OK,スレッドグループ 1-47,text,true,77560,74,74,3538
1453123052895,3549,HTTP リクエスト,200,OK,スレッドグループ 1-45,text,true,77560,74,74,3547
1453123052906,3539,HTTP リクエスト,200,OK,スレッドグループ 1-46,text,true,77560,74,74,3538
1453123052908,3546,HTTP リクエスト,200,OK,スレッドグループ 1-51,text,true,77560,74,74,3540
1453123052908,3546,HTTP リクエスト,200,OK,スレッドグループ 1-50,text,true,77560,74,74,3540
1453123052943,5486,HTTP リクエスト,200,OK,スレッドグループ 1-60,text,true,219,74,74,5486
1453123052957,5472,HTTP リクエスト,200,OK,スレッドグループ 1-61,text,true,219,74,74,5472
1453123052957,5472,HTTP リクエスト,200,OK,スレッドグループ 1-62,text,true,219,74,74,5472
1453123052967,5462,HTTP リクエスト,200,OK,スレッドグループ 1-63,text,true,219,74,74,5462
1453123052968,5462,HTTP リクエスト,200,OK,スレッドグループ 1-64,text,true,219,74,74,5462
1453123052968,5462,HTTP リクエスト,200,OK,スレッドグループ 1-65,text,true,219,74,74,5462
1453123052968,5462,HTTP リクエスト,200,OK,スレッドグループ 1-66,text,true,219,74,74,5462
1453123052968,5462,HTTP リクエスト,200,OK,スレッドグループ 1-67,text,true,219,74,74,5462
1453123052968,5462,HTTP リクエスト,200,OK,スレッドグループ 1-68,text,true,219,74,74,5462
1453123052968,5462,HTTP リクエスト,200,OK,スレッドグループ 1-69,text,true,219,74,74,5462
1453123051607,10166,HTTP リクエスト,200,OK,スレッドグループ 1-100,text,true,219,74,74,10166
1453123053341,8433,HTTP リクエスト,200,OK,スレッドグループ 1-27,text,true,219,74,74,8433
1453123053353,8421,HTTP リクエスト,200,OK,スレッドグループ 1-28,text,true,219,74,74,8421
1453123053353,8422,HTTP リクエスト,200,OK,スレッドグループ 1-29,text,true,219,74,74,8422
1453123053654,8224,HTTP リクエスト,200,OK,スレッドグループ 1-38,text,true,4418,71,71,8224
1453123053671,8208,HTTP リクエスト,200,OK,スレッドグループ 1-39,text,true,4418,71,71,8208
1453123053672,8208,HTTP リクエスト,200,OK,スレッドグループ 1-40,text,true,4418,71,71,8208
1453123053672,8209,HTTP リクエスト,200,OK,スレッドグループ 1-41,text,true,4418,71,71,8209
1453123056186,6070,HTTP リクエスト,200,OK,スレッドグループ 1-52,text,true,77560,71,71,6069
1453123056199,6060,HTTP リクエスト,200,OK,スレッドグループ 1-53,text,true,77560,71,71,6057
1453123056199,6063,HTTP リクエスト,200,OK,スレッドグループ 1-54,text,true,77560,71,71,6061
1453123056199,6067,HTTP リクエスト,200,OK,スレッドグループ 1-55,text,true,77560,71,71,6063
1453123056200,6073,HTTP リクエスト,200,OK,スレッドグループ 1-56,text,true,77560,71,71,6069
1453123056200,6076,HTTP リクエスト,200,OK,スレッドグループ 1-57,text,true,77560,71,71,6074
1453123056200,6081,HTTP リクエスト,200,OK,スレッドグループ 1-59,text,true,77560,71,71,6079
1453123056200,6078,HTTP リクエスト,200,OK,スレッドグループ 1-58,text,true,77560,71,71,6077
1453123056254,8478,HTTP リクエスト,200,OK,スレッドグループ 1-70,text,true,219,71,71,8478
1453123053279,11524,HTTP リクエスト,200,OK,スレッドグループ 1-80,text,true,4418,71,71,11524
1453123053295,11508,HTTP リクエスト,200,OK,スレッドグループ 1-81,text,true,4418,71,71,11508
1453123053295,11509,HTTP リクエスト,200,OK,スレッドグループ 1-82,text,true,4418,71,71,11509
1453123053296,11508,HTTP リクエスト,200,OK,スレッドグループ 1-83,text,true,4418,71,71,11508
1453123053296,11508,HTTP リクエスト,200,OK,スレッドグループ 1-84,text,true,4418,71,71,11508
1453123053296,11510,HTTP リクエスト,200,OK,スレッドグループ 1-85,text,true,4418,71,71,11510
1453123053305,11501,HTTP リクエスト,200,OK,スレッドグループ 1-86,text,true,4418,71,71,11501
1453123053305,11501,HTTP リクエスト,200,OK,スレッドグループ 1-87,text,true,4418,71,71,11501
1453123053306,11501,HTTP リクエスト,200,OK,スレッドグループ 1-88,text,true,4418,71,71,11501
1453123053306,11501,HTTP リクエスト,200,OK,スレッドグループ 1-89,text,true,4418,71,71,11501
1453123053306,11509,HTTP リクエスト,200,OK,スレッドグループ 1-91,text,true,77560,71,71,11503
1453123053306,11509,HTTP リクエスト,200,OK,スレッドグループ 1-90,text,true,77560,71,71,11502
1453123053306,11509,HTTP リクエスト,200,OK,スレッドグループ 1-92,text,true,77560,71,71,11503
1453123053306,11509,HTTP リクエスト,200,OK,スレッドグループ 1-93,text,true,77560,71,71,11503
1453123053306,11510,HTTP リクエスト,200,OK,スレッドグループ 1-94,text,true,77560,71,71,11503
1453123053306,11511,HTTP リクエスト,200,OK,スレッドグループ 1-95,text,true,77560,71,71,11504
1453123053307,11514,HTTP リクエスト,200,OK,スレッドグループ 1-97,text,true,77560,71,71,11503
1453123053307,11515,HTTP リクエスト,200,OK,スレッドグループ 1-98,text,true,77560,71,71,11503
1453123053307,11516,HTTP リクエスト,200,OK,スレッドグループ 1-96,text,true,77560,71,71,11503
1453123053307,11517,HTTP リクエスト,200,OK,スレッドグループ 1-99,text,true,77560,71,71,11504
1453123056315,8509,HTTP リクエスト,200,OK,スレッドグループ 1-30,text,true,219,71,71,8509
1453123056315,8512,HTTP リクエスト,200,OK,スレッドグループ 1-31,text,true,219,71,71,8512
1453123056315,8512,HTTP リクエスト,200,OK,スレッドグループ 1-32,text,true,219,71,71,8512
1453123056315,8512,HTTP リクエスト,200,OK,スレッドグループ 1-33,text,true,219,71,71,8512
1453123056316,8511,HTTP リクエスト,200,OK,スレッドグループ 1-34,text,true,219,71,71,8511
1453123056315,8512,HTTP リクエスト,200,OK,スレッドグループ 1-35,text,true,219,71,71,8512
1453123056316,8512,HTTP リクエスト,200,OK,スレッドグループ 1-37,text,true,219,71,71,8512
1453123056315,8513,HTTP リクエスト,200,OK,スレッドグループ 1-36,text,true,219,71,71,8513
1453123056476,8402,HTTP リクエスト,200,OK,スレッドグループ 1-50,text,true,4418,66,66,8401
1453123056476,8402,HTTP リクエスト,200,OK,スレッドグループ 1-51,text,true,4418,66,66,8402
1453123056476,8402,HTTP リクエスト,200,OK,スレッドグループ 1-49,text,true,4418,66,66,8402
1453123056476,8402,HTTP リクエスト,200,OK,スレッドグループ 1-48,text,true,4418,66,66,8402
1453123056476,8402,HTTP リクエスト,200,OK,スレッドグループ 1-47,text,true,4418,66,66,8402
1453123056476,8402,HTTP リクエスト,200,OK,スレッドグループ 1-45,text,true,4418,66,66,8402
1453123056476,8402,HTTP リクエスト,200,OK,スレッドグループ 1-46,text,true,4418,66,66,8402
1453123056476,8402,HTTP リクエスト,200,OK,スレッドグループ 1-44,text,true,4418,66,66,8402
1453123056450,8428,HTTP リクエスト,200,OK,スレッドグループ 1-42,text,true,4418,66,66,8428
1453123056469,8409,HTTP リクエスト,200,OK,スレッドグループ 1-43,text,true,4418,66,66,8409
1453123058444,6714,HTTP リクエスト,200,OK,スレッドグループ 1-60,text,true,77560,63,63,6712
1453123058458,6703,HTTP リクエスト,200,OK,スレッドグループ 1-61,text,true,77560,63,63,6701
1453123058458,6706,HTTP リクエスト,200,OK,スレッドグループ 1-62,text,true,77560,63,63,6702
1453123058458,6707,HTTP リクエスト,200,OK,スレッドグループ 1-63,text,true,77560,63,63,6706
1453123058458,6709,HTTP リクエスト,200,OK,スレッドグループ 1-64,text,true,77560,63,63,6708
1453123058458,6711,HTTP リクエスト,200,OK,スレッドグループ 1-65,text,true,77560,63,63,6709
1453123058458,6716,HTTP リクエスト,200,OK,スレッドグループ 1-66,text,true,77560,63,63,6711
1453123058472,6707,HTTP リクエスト,200,OK,スレッドグループ 1-67,text,true,77560,63,63,6705
1453123058472,6709,HTTP リクエスト,200,OK,スレッドグループ 1-68,text,true,77560,63,63,6707
1453123058472,6711,HTTP リクエスト,200,OK,スレッドグループ 1-69,text,true,77560,63,63,6709
1453123056268,9185,HTTP リクエスト,200,OK,スレッドグループ 1-71,text,true,219,63,63,9185
1453123056269,9184,HTTP リクエスト,200,OK,スレッドグループ 1-72,text,true,219,63,63,9184
1453123056269,9184,HTTP リクエスト,200,OK,スレッドグループ 1-73,text,true,219,63,63,9184
1453123056269,9184,HTTP リクエスト,200,OK,スレッドグループ 1-74,text,true,219,63,63,9184
1453123056269,9185,HTTP リクエスト,200,OK,スレッドグループ 1-75,text,true,219,63,63,9185
1453123056269,9185,HTTP リクエスト,200,OK,スレッドグループ 1-76,text,true,219,63,63,9185
1453123056269,9185,HTTP リクエスト,200,OK,スレッドグループ 1-77,text,true,219,63,63,9185
1453123056269,9185,HTTP リクエスト,200,OK,スレッドグループ 1-78,text,true,219,63,63,9185
1453123056270,9184,HTTP リクエスト,200,OK,スレッドグループ 1-79,text,true,219,63,63,9184
1453123061892,3839,HTTP リクエスト,200,OK,スレッドグループ 1-38,text,true,219,63,63,3839
1453123061907,3824,HTTP リクエスト,200,OK,スレッドグループ 1-39,text,true,219,63,63,3824
1453123061907,3825,HTTP リクエスト,200,OK,スレッドグループ 1-40,text,true,219,63,63,3825
1453123061907,3825,HTTP リクエスト,200,OK,スレッドグループ 1-41,text,true,219,63,63,3825
1453123062267,3545,HTTP リクエスト,200,OK,スレッドグループ 1-52,text,true,4418,59,59,3545
1453123062284,3528,HTTP リクエスト,200,OK,スレッドグループ 1-53,text,true,4418,59,59,3528
1453123062285,3527,HTTP リクエスト,200,OK,スレッドグループ 1-54,text,true,4418,59,59,3527
1453123062285,3528,HTTP リクエスト,200,OK,スレッドグループ 1-55,text,true,4418,59,59,3528
1453123062298,3516,HTTP リクエスト,200,OK,スレッドグループ 1-56,text,true,4418,59,59,3516
1453123062308,3507,HTTP リクエスト,200,OK,スレッドグループ 1-57,text,true,4418,59,59,3507
1453123062308,3508,HTTP リクエスト,200,OK,スレッドグループ 1-58,text,true,4418,59,59,3508
1453123062308,3510,HTTP リクエスト,200,OK,スレッドグループ 1-59,text,true,4418,59,59,3510
1453123064751,1415,HTTP リクエスト,200,OK,スレッドグループ 1-70,text,true,77560,59,59,1414
1453123061811,7097,HTTP リクエスト,200,OK,スレッドグループ 1-100,text,true,77560,59,59,7096
1453123064904,4008,HTTP リクエスト,200,OK,スレッドグループ 1-42,text,true,219,59,59,4008
1453123064905,4007,HTTP リクエスト,200,OK,スレッドグループ 1-43,text,true,219,59,59,4007
1453123064903,4009,HTTP リクエスト,200,OK,スレッドグループ 1-44,text,true,219,59,59,4009
1453123064903,4010,HTTP リクエスト,200,OK,スレッドグループ 1-45,text,true,219,59,59,4010
1453123064904,4009,HTTP リクエスト,200,OK,スレッドグループ 1-46,text,true,219,59,59,4009
1453123064900,4013,HTTP リクエスト,200,OK,スレッドグループ 1-47,text,true,219,59,59,4013
1453123064903,4010,HTTP リクエスト,200,OK,スレッドグループ 1-48,text,true,219,59,59,4010
1453123064900,4014,HTTP リクエスト,200,OK,スレッドグループ 1-49,text,true,219,59,59,4014
1453123064899,4015,HTTP リクエスト,200,OK,スレッドグループ 1-50,text,true,219,59,59,4015
1453123064899,4015,HTTP リクエスト,200,OK,スレッドグループ 1-51,text,true,219,59,59,4015
1453123065171,3824,HTTP リクエスト,200,OK,スレッドグループ 1-60,text,true,4418,49,49,3824
1453123065189,3806,HTTP リクエスト,200,OK,スレッドグループ 1-61,text,true,4418,49,49,3806
1453123065190,3805,HTTP リクエスト,200,OK,スレッドグループ 1-62,text,true,4418,49,49,3805
1453123065190,3805,HTTP リクエスト,200,OK,スレッドグループ 1-63,text,true,4418,49,49,3805
1453123065190,3806,HTTP リクエスト,200,OK,スレッドグループ 1-64,text,true,4418,49,49,3806
1453123065190,3806,HTTP リクエスト,200,OK,スレッドグループ 1-65,text,true,4418,49,49,3806
1453123065192,3804,HTTP リクエスト,200,OK,スレッドグループ 1-66,text,true,4418,49,49,3804
1453123065202,3795,HTTP リクエスト,200,OK,スレッドグループ 1-68,text,true,4418,49,49,3795
1453123065202,3794,HTTP リクエスト,200,OK,スレッドグループ 1-67,text,true,4418,49,49,3794
1453123065211,3786,HTTP リクエスト,200,OK,スレッドグループ 1-69,text,true,4418,49,49,3786
1453123065462,3611,HTTP リクエスト,200,OK,スレッドグループ 1-71,text,true,77560,49,49,3610
1453123065474,3601,HTTP リクエスト,200,OK,スレッドグループ 1-72,text,true,77560,49,49,3600
1453123065474,3605,HTTP リクエスト,200,OK,スレッドグループ 1-73,text,true,77560,49,49,3603
1453123065474,3607,HTTP リクエスト,200,OK,スレッドグループ 1-74,text,true,77560,49,49,3603
1453123065474,3610,HTTP リクエスト,200,OK,スレッドグループ 1-75,text,true,77560,49,49,3608
1453123065485,3600,HTTP リクエスト,200,OK,スレッドグループ 1-76,text,true,77560,49,49,3596
1453123064821,4265,HTTP リクエスト,200,OK,スレッドグループ 1-80,text,true,219,49,49,4265
1453123064845,4243,HTTP リクエスト,200,OK,スレッドグループ 1-81,text,true,219,49,49,4243
1453123064846,4242,HTTP リクエスト,200,OK,スレッドグループ 1-82,text,true,219,49,49,4242
1453123064863,4225,HTTP リクエスト,200,OK,スレッドグループ 1-83,text,true,219,49,49,4225
1453123064863,4225,HTTP リクエスト,200,OK,スレッドグループ 1-84,text,true,219,49,49,4225
1453123064863,4225,HTTP リクエスト,200,OK,スレッドグループ 1-85,text,true,219,49,49,4225
1453123064863,4228,HTTP リクエスト,200,OK,スレッドグループ 1-86,text,true,219,49,49,4228
1453123064863,4228,HTTP リクエスト,200,OK,スレッドグループ 1-87,text,true,219,49,49,4228
1453123064864,4227,HTTP リクエスト,200,OK,スレッドグループ 1-88,text,true,219,49,49,4227
1453123064864,4227,HTTP リクエスト,200,OK,スレッドグループ 1-89,text,true,219,49,49,4227
1453123064864,4228,HTTP リクエスト,200,OK,スレッドグループ 1-90,text,true,4418,49,49,4228
1453123065485,3607,HTTP リクエスト,200,OK,スレッドグループ 1-77,text,true,77560,49,49,3601
1453123064864,4228,HTTP リクエスト,200,OK,スレッドグループ 1-91,text,true,4418,49,49,4228
1453123064864,4228,HTTP リクエスト,200,OK,スレッドグループ 1-92,text,true,4418,49,49,4228
1453123064864,4228,HTTP リクエスト,200,OK,スレッドグループ 1-93,text,true,4418,49,49,4228
1453123064865,4227,HTTP リクエスト,200,OK,スレッドグループ 1-98,text,true,4418,49,49,4227
1453123064865,4227,HTTP リクエスト,200,OK,スレッドグループ 1-97,text,true,4418,49,49,4227
1453123064865,4227,HTTP リクエスト,200,OK,スレッドグループ 1-96,text,true,4418,49,49,4227
1453123064865,4227,HTTP リクエスト,200,OK,スレッドグループ 1-94,text,true,4418,49,49,4227
1453123064865,4227,HTTP リクエスト,200,OK,スレッドグループ 1-95,text,true,4418,49,49,4227
1453123064865,4228,HTTP リクエスト,200,OK,スレッドグループ 1-99,text,true,4418,49,49,4228
1453123065486,3609,HTTP リクエスト,200,OK,スレッドグループ 1-78,text,true,77560,49,49,3601
1453123065486,3611,HTTP リクエスト,200,OK,スレッドグループ 1-79,text,true,77560,49,49,3601
1453123065823,3277,HTTP リクエスト,200,OK,スレッドグループ 1-52,text,true,219,49,49,3277
1453123065833,3268,HTTP リクエスト,200,OK,スレッドグループ 1-53,text,true,219,49,49,3268
1453123065834,3267,HTTP リクエスト,200,OK,スレッドグループ 1-54,text,true,219,49,49,3267
1453123065834,3267,HTTP リクエスト,200,OK,スレッドグループ 1-55,text,true,219,49,49,3267
1453123065834,3267,HTTP リクエスト,200,OK,スレッドグループ 1-56,text,true,219,49,49,3267
1453123065834,3267,HTTP リクエスト,200,OK,スレッドグループ 1-57,text,true,219,49,49,3267
1453123065834,3268,HTTP リクエスト,200,OK,スレッドグループ 1-58,text,true,219,49,49,3268
1453123065834,3268,HTTP リクエスト,200,OK,スレッドグループ 1-59,text,true,219,49,49,3268
1453123066175,3019,HTTP リクエスト,200,OK,スレッドグループ 1-70,text,true,4418,41,41,3019
1453123069013,258,HTTP リクエスト,200,OK,スレッドグループ 1-60,text,true,219,41,41,258
1453123069030,241,HTTP リクエスト,200,OK,スレッドグループ 1-61,text,true,219,41,41,241
1453123069030,242,HTTP リクエスト,200,OK,スレッドグループ 1-62,text,true,219,41,41,242
1453123069030,242,HTTP リクエスト,200,OK,スレッドグループ 1-63,text,true,219,41,41,242
1453123069031,241,HTTP リクエスト,200,OK,スレッドグループ 1-64,text,true,219,41,41,241
1453123069031,241,HTTP リクエスト,200,OK,スレッドグループ 1-65,text,true,219,41,41,241
1453123069031,242,HTTP リクエスト,200,OK,スレッドグループ 1-66,text,true,219,41,41,242
1453123069031,242,HTTP リクエスト,200,OK,スレッドグループ 1-67,text,true,219,41,41,242
1453123069031,245,HTTP リクエスト,200,OK,スレッドグループ 1-68,text,true,219,41,41,245
1453123069031,246,HTTP リクエスト,200,OK,スレッドグループ 1-69,text,true,219,41,41,246
1453123069090,198,HTTP リクエスト,200,OK,スレッドグループ 1-71,text,true,4418,39,39,198
1453123068921,3118,HTTP リクエスト,200,OK,スレッドグループ 1-100,text,true,4418,31,31,3118
1453123069203,2843,HTTP リクエスト,200,OK,スレッドグループ 1-70,text,true,219,31,31,2843
1453123069119,2962,HTTP リクエスト,200,OK,スレッドグループ 1-72,text,true,4418,31,31,2962
1453123069120,2961,HTTP リクエスト,200,OK,スレッドグループ 1-76,text,true,4418,31,31,2961
1453123069120,2961,HTTP リクエスト,200,OK,スレッドグループ 1-75,text,true,4418,31,31,2961
1453123069124,2958,HTTP リクエスト,200,OK,スレッドグループ 1-77,text,true,4418,31,31,2958
1453123069119,2962,HTTP リクエスト,200,OK,スレッドグループ 1-73,text,true,4418,31,31,2962
1453123069137,2945,HTTP リクエスト,200,OK,スレッドグループ 1-79,text,true,4418,31,31,2945
1453123069125,2957,HTTP リクエスト,200,OK,スレッドグループ 1-78,text,true,4418,31,31,2957
1453123069125,2958,HTTP リクエスト,200,OK,スレッドグループ 1-94,text,true,219,31,31,2958
1453123069124,2959,HTTP リクエスト,200,OK,スレッドグループ 1-90,text,true,219,31,31,2959
1453123069124,2960,HTTP リクエスト,200,OK,スレッドグループ 1-91,text,true,219,31,31,2960
1453123069125,2959,HTTP リクエスト,200,OK,スレッドグループ 1-95,text,true,219,31,31,2959
1453123069124,2960,HTTP リクエスト,200,OK,スレッドグループ 1-93,text,true,219,31,31,2960
1453123069125,2959,HTTP リクエスト,200,OK,スレッドグループ 1-96,text,true,219,31,31,2959
1453123069124,2960,HTTP リクエスト,200,OK,スレッドグループ 1-92,text,true,219,31,31,2960
1453123069124,2960,HTTP リクエスト,200,OK,スレッドグループ 1-97,text,true,219,31,31,2960
1453123069124,2960,HTTP リクエスト,200,OK,スレッドグループ 1-98,text,true,219,31,31,2960
1453123069125,2959,HTTP リクエスト,200,OK,スレッドグループ 1-99,text,true,219,31,31,2959
1453123069119,2962,HTTP リクエスト,200,OK,スレッドグループ 1-74,text,true,4418,30,30,2962
1453123069314,2800,HTTP リクエスト,200,OK,スレッドグループ 1-71,text,true,219,30,30,2800
1453123069120,2999,HTTP リクエスト,200,OK,スレッドグループ 1-80,text,true,77560,30,30,2963
1453123072053,120,HTTP リクエスト,200,OK,スレッドグループ 1-100,text,true,219,30,30,120
1453123069121,3052,HTTP リクエスト,200,OK,スレッドグループ 1-81,text,true,77560,30,30,2962
1453123069124,3050,HTTP リクエスト,200,OK,スレッドグループ 1-89,text,true,77560,30,30,2960
1453123069123,3051,HTTP リクエスト,200,OK,スレッドグループ 1-88,text,true,77560,30,30,2960
1453123069123,3051,HTTP リクエスト,200,OK,スレッドグループ 1-87,text,true,77560,30,30,2961
1453123069123,3052,HTTP リクエスト,200,OK,スレッドグループ 1-85,text,true,77560,30,30,2961
1453123069122,3053,HTTP リクエスト,200,OK,スレッドグループ 1-84,text,true,77560,30,30,2961
1453123069123,3052,HTTP リクエスト,200,OK,スレッドグループ 1-86,text,true,77560,30,30,2961
1453123069122,3054,HTTP リクエスト,200,OK,スレッドグループ 1-83,text,true,77560,30,30,2961
1453123069121,3055,HTTP リクエスト,200,OK,スレッドグループ 1-82,text,true,77560,30,30,2962
1453123072188,12,HTTP リクエスト,200,OK,スレッドグループ 1-72,text,true,219,29,29,12
1453123072190,2855,HTTP リクエスト,200,OK,スレッドグループ 1-73,text,true,219,28,28,2855
1453123072196,2849,HTTP リクエスト,200,OK,スレッドグループ 1-74,text,true,219,28,28,2849
1453123072190,2856,HTTP リクエスト,200,OK,スレッドグループ 1-75,text,true,219,28,28,2856
1453123072190,2856,HTTP リクエスト,200,OK,スレッドグループ 1-77,text,true,219,28,28,2856
1453123072189,2857,HTTP リクエスト,200,OK,スレッドグループ 1-76,text,true,219,28,28,2857
1453123072191,2855,HTTP リクエスト,200,OK,スレッドグループ 1-78,text,true,219,28,28,2855
1453123072190,2857,HTTP リクエスト,200,OK,スレッドグループ 1-79,text,true,219,28,28,2857
1453123072194,3271,HTTP リクエスト,200,OK,スレッドグループ 1-90,text,true,77560,21,21,3269
1453123072195,3273,HTTP リクエスト,200,OK,スレッドグループ 1-91,text,true,77560,21,21,3271
1453123072196,3273,HTTP リクエスト,200,OK,スレッドグループ 1-92,text,true,77560,21,21,3271
1453123072195,3276,HTTP リクエスト,200,OK,スレッドグループ 1-93,text,true,77560,21,21,3272
1453123072192,3281,HTTP リクエスト,200,OK,スレッドグループ 1-94,text,true,77560,21,21,3279
1453123072195,3281,HTTP リクエスト,200,OK,スレッドグループ 1-95,text,true,77560,21,21,3278
1453123072196,3285,HTTP リクエスト,200,OK,スレッドグループ 1-96,text,true,77560,21,21,3281
1453123072196,3291,HTTP リクエスト,200,OK,スレッドグループ 1-98,text,true,77560,21,21,3290
1453123072196,3289,HTTP リクエスト,200,OK,スレッドグループ 1-97,text,true,77560,21,21,3287
1453123072196,3293,HTTP リクエスト,200,OK,スレッドグループ 1-99,text,true,77560,21,21,3292
1453123072205,3572,HTTP リクエスト,200,OK,スレッドグループ 1-80,text,true,4418,21,21,3572
1453123072205,3573,HTTP リクエスト,200,OK,スレッドグループ 1-81,text,true,4418,21,21,3573
1453123072207,3571,HTTP リクエスト,200,OK,スレッドグループ 1-82,text,true,4418,21,21,3571
1453123072206,3572,HTTP リクエスト,200,OK,スレッドグループ 1-83,text,true,4418,21,21,3572
1453123072206,3576,HTTP リクエスト,200,OK,スレッドグループ 1-84,text,true,4418,21,21,3572
1453123072205,3578,HTTP リクエスト,200,OK,スレッドグループ 1-87,text,true,4418,21,21,3578
1453123072205,3578,HTTP リクエスト,200,OK,スレッドグループ 1-88,text,true,4418,21,21,3578
1453123072206,3577,HTTP リクエスト,200,OK,スレッドグループ 1-85,text,true,4418,21,21,3577
1453123072206,3577,HTTP リクエスト,200,OK,スレッドグループ 1-86,text,true,4418,21,21,3577
1453123072205,3578,HTTP リクエスト,200,OK,スレッドグループ 1-89,text,true,4418,21,21,3578
1453123072205,4019,HTTP リクエスト,200,OK,スレッドグループ 1-100,text,true,77560,21,21,4018
1453123075478,830,HTTP リクエスト,200,OK,スレッドグループ 1-90,text,true,4418,21,21,830
1453123075493,816,HTTP リクエスト,200,OK,スレッドグループ 1-91,text,true,4418,21,21,816
1453123075493,816,HTTP リクエスト,200,OK,スレッドグループ 1-92,text,true,4418,21,21,816
1453123075493,817,HTTP リクエスト,200,OK,スレッドグループ 1-93,text,true,4418,21,21,817
1453123075494,816,HTTP リクエスト,200,OK,スレッドグループ 1-94,text,true,4418,21,21,816
1453123075507,804,HTTP リクエスト,200,OK,スレッドグループ 1-95,text,true,4418,21,21,804
1453123075507,806,HTTP リクエスト,200,OK,スレッドグループ 1-96,text,true,4418,21,21,806
1453123075517,796,HTTP リクエスト,200,OK,スレッドグループ 1-97,text,true,4418,21,21,796
1453123075517,797,HTTP リクエスト,200,OK,スレッドグループ 1-98,text,true,4418,21,21,797
1453123075517,797,HTTP リクエスト,200,OK,スレッドグループ 1-99,text,true,4418,21,21,797
1453123075792,523,HTTP リクエスト,200,OK,スレッドグループ 1-80,text,true,219,21,21,523
1453123075808,507,HTTP リクエスト,200,OK,スレッドグループ 1-81,text,true,219,21,21,507
1453123075807,509,HTTP リクエスト,200,OK,スレッドグループ 1-82,text,true,219,21,21,509
1453123075808,508,HTTP リクエスト,200,OK,スレッドグループ 1-83,text,true,219,21,21,508
1453123075816,501,HTTP リクエスト,200,OK,スレッドグループ 1-84,text,true,219,21,21,501
1453123075817,501,HTTP リクエスト,200,OK,スレッドグループ 1-85,text,true,219,21,21,501
1453123075817,502,HTTP リクエスト,200,OK,スレッドグループ 1-86,text,true,219,21,21,502
1453123075817,505,HTTP リクエスト,200,OK,スレッドグループ 1-87,text,true,219,21,21,505
1453123075817,506,HTTP リクエスト,200,OK,スレッドグループ 1-88,text,true,219,21,21,506
1453123075818,506,HTTP リクエスト,200,OK,スレッドグループ 1-89,text,true,219,21,21,506
1453123076237,217,HTTP リクエスト,200,OK,スレッドグループ 1-100,text,true,4418,11,11,217
1453123076320,154,HTTP リクエスト,200,OK,スレッドグループ 1-90,text,true,219,11,11,154
1453123076339,136,HTTP リクエスト,200,OK,スレッドグループ 1-91,text,true,219,11,11,136
1453123076339,136,HTTP リクエスト,200,OK,スレッドグループ 1-92,text,true,219,11,11,136
1453123076350,125,HTTP リクエスト,200,OK,スレッドグループ 1-93,text,true,219,11,11,125
1453123076350,126,HTTP リクエスト,200,OK,スレッドグループ 1-94,text,true,219,11,11,126
1453123076350,126,HTTP リクエスト,200,OK,スレッドグループ 1-95,text,true,219,11,11,126
1453123076350,127,HTTP リクエスト,200,OK,スレッドグループ 1-96,text,true,219,11,11,127
1453123076351,127,HTTP リクエスト,200,OK,スレッドグループ 1-97,text,true,219,11,11,127
1453123076351,128,HTTP リクエスト,200,OK,スレッドグループ 1-98,text,true,219,11,11,127
1453123076351,128,HTTP リクエスト,200,OK,スレッドグループ 1-99,text,true,219,11,11,128
1453123076465,27,HTTP リクエスト,200,OK,スレッドグループ 1-100,text,true,219,10,10,27
